9999.849162011173,3353.79172682192,2.5606263053849643e-05,-2.9900723011078725,100067051.95530726,3235884986229898.0,-1.0253557164141013e-05,-2.9899425499708028,1453.072625698324,19133.764358797314,0.0015294435439536398,-2.989250426717343,-0.050561797752808994,880.2277805832592,-0.035795308335119506,-2.764134710286556,1105124.3016759777,115173541779.7062,0.010755158993145915,-2.9636276024065555,-1.9662921348314606,38549.50448175737,0.0006867012530248042,-2.986856114777072
10003.0,3363.0168539325837,-6.1070013373396325e-06,-2.990121838715331,100767893.29608938,3330983753840459.5,-3.616141374824779e-05,-2.990034161580854,1461.731843575419,21294.174879166443,0.0007328511789149027,-2.990655930946054,-0.050561797752808994,883.9440727180906,-0.035774303649684466,-2.7643069226324837,1116153.6312849163,126397612360.33517,0.010715214185080896,-2.965617803507161,-1.9662921348314606,41386.58313344275,-5.654032830425525e-05,-2.986833602432721
10000.385474860335,3378.187653003577,2.9536348129210853e-06,-2.9900374747708973,99978382.68156424,3311052844963772.5,9.540052718030616e-06,-2.990008784451413,1466.7597765363128,21150.116125792458,-4.9797152795611414e-05,-2.9903400571902097,-0.050561797752808994,883.5395783360686,-0.03580350850686522,-2.7640497673006883,1112148.8826815642,104208632245.93558,0.010634488357905569,-2.964103849870223,1.404494382022472,43242.409418002775,0.00026855272348308364,-2.9872598382200497
9999.807262569833,3357.733711003706,2.19250865552115e-05,-2.990076063306029,101153610.61452514,3330433460851713.0,-0.00012900370713865407,-2.9899353338742,1465.6424581005588,21664.05122089012,0.0005546745396977632,-2.9907246563932963,-0.042134831460674156,887.0417639818221,-0.03579761291549801,-2.764116403921246,1114792.7374301676,110177542980.66664,0.010655341316832758,-2.9638944165963856,1.404494382022472,43691.847620249966,-6.922775245525864e-05,-2.9874676633481156
10002.581005586591,3378.640873140417,-1.8362195988996037e-05,-2.9900269582853656,98681727.9329609,3232430231727388.5,-5.380192600002587e-05,-2.9899619364929597,1464.5251396648046,21641.76762287365,0.0003631552599610182,-2.990807848312717,-0.033707865168539325,893.6533581618464,-0.0358138675135028,-2.763977304745594,1098353.3519553072,123927943331.39786,0.010809043437446183,-2.965644396563612,-0.5617977528089887,40814.29112485796,0.0008221497105925993,-2.985950613925605
10002.128491620111,3385.4356443412203,-1.0497072546236674e-05,-2.9900164014399793,99769104.46927375,3321210474570769.5,-1.1933821385788891e-05,-2.9900337140997935,1451.1173184357542,20335.823237712644,0.0010835267705402306,-2.989507717688321,-0.050561797752808994,883.8682300214616,-0.03577905587837111,-2.764266484315363,1112071.5083798883,128724542161.19519,0.011202682047370219,-2.9644450196470156,0.0,35870.78651685397,-0.0007276058395099396,-2.985169435703347
10000.703910614526,3382.869703722303,2.2484474004411334e-05,-2.9900643863524303,99190393.01675978,3211301367039768.5,2.390662601824061e-05,-2.9899988041383336,1448.6033519553073,22259.274370723753,0.0013063282971009233,-2.9906278171660134,-0.06741573033707865,876.6106236586287,-0.03580029232054109,-2.7641029862484894,1095796.6480446928,131533909454.99336,0.010813352138496112,-2.966620616770192,1.6853932584269664,43087.04709001386,-0.0006019285156257705,-2.987884509255004
10000.460893854748,3378.1613834662,1.5764831684731833e-05,-2.9900828033642006,99345098.60335195,3197255344268832.0,-5.3642587033376633e-05,-2.9899835618507313,1443.0167597765362,21987.477245621736,0.001741688648449138,-2.9901312692212736,-0.042134831460674156,884.0333370155299,-0.03577360443034033,-2.7643140382068476,1093156.7039106146,121840689870.53545,0.011211932055954171,-2.963514297499209,-0.8426966292134832,49058.2786264361,4.7518155321888924e-05,-2.9871304227333733
10000.444134078212,3380.8564120268643,9.34846864693658e-06,-2.990030961190457,98263024.58100559,3195281182352314.0,-0.00010875776022909832,-2.9900441133233384,1453.6312849162011,22079.436319126227,0.0010767092289458043,-2.9904292400563195,-0.033707865168539325,887.2825716449929,-0.035787194607246026,-2.764203786167328,1082860.3351955307,118032106872.92073,0.010411355634540763,-2.9676532127667588,1.9662921348314606,44027.03257164498,-0.0008904770171362791,-2.987808605650052
10002.279329608938,3385.6518737053543,3.397399132318438e-06,-2.9900032560925855,99805159.4972067,3336852591739064.5,2.6839452557411977e-05,-2.9900532856668107,1459.217877094972,24479.160128052208,-5.129957437925095e-05,-2.9915457299525046,-0.042134831460674156,887.1934493750805,-0.035787586892607484,-2.764196620136211,1110624.8603351954,122879304785.79497,0.011079568937815526,-2.96503851998687,0.8426966292134832,46811.087615200144,2.8850216352001777e-05,-2.987037613216506
10001.27374301676,3379.0061044504437,-8.87754915088545e-06,-2.990001510128476,100977960.33519553,3359462536061648.5,-1.5553488169993536e-05,-2.9899780921118237,1442.4581005586592,20265.8339087314,0.001521069979718376,-2.989474885237385,-0.06741573033707865,886.7482641080668,-0.03580158751898063,-2.764081919606023,1113007.5418994413,116568579310.7777,0.01076559790991445,-2.9646583909336073,0.28089887640449435,40294.86491604596,-0.000997864152422996,-2.986703182862652
10000.913407821228,3379.1792574226324,6.5403684105282475e-06,-2.9899909835967637,100180372.90502793,3278211071298571.5,-7.323033077835507e-06,-2.989990987347257,1448.3240223463688,21092.6809365388,0.0010002408495458153,-2.990386280986748,-0.06741573033707865,893.7257921979545,-0.035793342508545344,-2.764135937471944,1106106.4245810055,120520454410.74005,0.01120630547453707,-2.9633458607071286,-0.5617977528089887,44999.684383284955,-0.0007553850832381319,-2.987006383250227
10002.22905027933,3375.8180277446468,-1.5945862957977206e-05,-2.9900088189277576,100096332.40223464,3305511144548606.5,-6.502382787687208e-05,-2.9900884134820487,1466.2011173184358,23106.83572908168,0.0003559204324496568,-2.9908620719681576,-0.050561797752808994,886.522724403484,-0.035825606149997004,-2.7638810954524256,1107522.905027933,119511107393.76053,0.010097993156040059,-2.968620751339426,0.8426966292134832,47990.86289609903,-0.0006096625467756106,-2.98800173056613
10000.77094972067,3376.753421003078,-1.0260606397207933e-05,-2.9900476293079685,100460039.38547486,3323141997091234.5,7.367162146442228e-05,-2.9899045956224373,1464.804469273743,24681.2817776662,0.00026042515424631597,-2.991127159097092,-0.06741573033707865,879.9477023103138,-0.03580372233784884,-2.7640662598210146,1120123.1843575418,122562025934.18495,0.010731620321869067,-2.965839740234241,1.1235955056179774,44914.467870218425,-0.00090574209328892,-2.9858517419429105
10000.90502793296,3377.058345364382,2.4197558049986283e-05,-2.9900361754941462,99672552.51396649,3286593172994614.0,-1.963173449329913e-05,-2.990081084046025,1436.5921787709497,22291.130500282477,0.0022093566106233353,-2.9899441818791423,-0.06741573033707865,883.56287084964,-0.03579247623723857,-2.764143391784132,1102567.8770949722,118380926223.55782,0.010598176666538705,-2.9652446362210707,1.404494382022472,47006.454361823,0.0006786448208783081,-2.98695526702497
9999.40502793296,3348.971266712696,3.896369925779066e-06,-2.9901648364549875,98363515.3631285,3262003555565114.0,-5.269962175209437e-07,-2.990128813628261,1451.1173184357542,20363.91312535309,0.0009434010145757545,-2.9896392319305405,-0.033707865168539325,850.1702120944311,-0.03580082567974049,-2.7640790443210976,1091141.061452514,123586526689.31644,0.010796802831582665,-2.966470128672983,-1.9662921348314606,42453.998863779845,-0.0007016169992196617,-2.9872322187007456
10000.444134078212,3364.196299667315,1.779238089417554e-05,-2.9900536660540253,101237738.82681565,3386599867633555.0,8.537929713337344e-06,-2.990041306375324,1463.1284916201118,22172.180026363683,0.00026408060070243406,-2.9907892303713144,-0.042134831460674156,884.0080561166538,-0.035778500811010715,-2.7642587607961864,1123052.5139664805,111357835513.30742,0.01073773195945244,-2.9651018502305577,1.1235955056179774,44717.83865673524,0.0012891583771346517,-2.9868063621052667
10003.058659217877,3370.9642363944517,-3.657331197713898e-08,-2.9900973498372587,100950379.88826816,3414961527344761.5,8.663337999600403e-05,-2.990040175419394,1468.7150837988827,21403.395894796286,0.00030369270671681126,-2.9903409700715313,-0.05898876404494382,887.090621449312,-0.035784673236764056,-2.764223146686618,1126702.2346368716,136090014489.36034,0.011252964193778945,-2.964119023783066,-1.404494382022472,40826.679080924136,0.0007761246494651428,-2.986368780874668
10001.734636871508,3366.9558721988546,-1.1969271273372648e-05,-2.989992589032172,97553796.36871508,3153963752612726.5,2.4374714390877594e-05,-2.9900062244729613,1458.9385474860335,19638.754629339015,0.001241695768679369,-2.98991907311223,-0.05898876404494382,883.4248911122334,-0.03580275960547703,-2.764071096829956,1078810.6145251396,119509016544.00221,0.011001443245240937,-2.9639321282514115,0.8426966292134832,39451.53705340237,-0.00025284545778300033,-2.986598028976779
10000.854748603351,3382.6838396836342,2.61976622993106e-05,-2.990042567423007,101139582.68156424,3340035988647085.0,-5.770915736927573e-05,-2.989998298462557,1468.4357541899442,20809.8989391752,7.330326814426215e-05,-2.990299535965485,-0.06741573033707865,887.4308483777296,-0.03576119767849107,-2.764402279964469,1117893.2960893854,123717143971.65909,0.011064849852919079,-2.9644685224942484,0.8426966292134832,43215.58199722261,-0.0005120563807649441,-2.9876902441616324
9999.346368715083,3343.3231749419365,-6.99394690691855e-06,-2.9901438978851567,101147586.87150837,3432372465989056.0,2.5721319915899934e-05,-2.9900607303536253,1449.1620111731843,21108.844391438088,0.0008833785191617343,-2.990945927010722,-0.050561797752808994,853.7586794596632,-0.03577115808579043,-2.7643336731396997,1124785.7541899441,123374621467.26506,0.011015356448207727,-2.9646438387099723,0.28089887640449435,41193.74132054034,-0.0002704821428155012,-2.985948858300094
9999.916201117318,3374.9170955997756,-7.117689804931983e-06,-2.9901198308847055,101414968.15642458,3328987578364092.0,-1.303462795710951e-05,-2.990016964800623,1473.463687150838,23463.216370598184,0.0002550174800599583,-2.990784516218548,-0.050561797752808994,883.8176682237086,-0.035782297166085525,-2.764239584424517,1116415.9217877095,117387812764.73549,0.010989625994837817,-2.9642724551435484,-0.28089887640449435,47457.78626436058,0.0006040946901678628,-2.987700291963463
10002.069832402234,3376.316725252653,8.587539810606274e-06,-2.9900443760868347,100630484.3575419,3334695848638713.5,6.088324207140289e-06,-2.9899608956919117,1458.659217877095,21624.03490050846,0.0011599227228430552,-2.990060963038025,-0.050561797752808994,876.7137356394394,-0.03580306321791452,-2.7640767256920764,1119547.2067039106,120092745048.33347,0.011255337312216373,-2.9626597643237074,0.8426966292134832,46080.75053654846,-5.112848674786082e-06,-2.9882051692565255
10003.494413407821,3345.0870472663364,-1.0006325877830255e-05,-2.9901403113915337,100022732.96089385,3369861453945510.5,4.397447341955912e-05,-2.9900776823680246,1451.1173184357542,20897.620990521627,0.0006782190647770533,-2.9902615508648287,-0.05898876404494382,849.7507338088622,-0.035810131814846186,-2.764013663618534,1111697.4860335195,143358282058.25122,0.010974836560999176,-2.9648235414292006,-0.28089887640449435,45070.145814922405,-0.00023654619320444804,-2.9874301127797978
10001.64245810056,3370.0877377440193,1.5446571877717733e-06,-2.989990628358714,100259239.94413407,3364098719297988.5,-2.688149421321867e-05,-2.9900242666433177,1462.5698324022346,19686.6172870504,0.0001605190355652795,-2.9900761895760835,-0.08426966292134831,893.4957076126763,-0.03579523830195003,-2.7641364418135512,1113862.5698324023,127210417523.69589,0.01124588483876266,-2.9638968008373907,-0.28089887640449435,42570.14581492238,0.00024212856464108368,-2.98772591542867
10001.340782122905,3389.8523162387796,4.3944639945357066e-05,-2.9899690554219527,101318527.65363128,3306349893759105.0,-9.88630372244442e-05,-2.9900356686838334,1475.6983240223465,20515.661289310126,0.0005279208708069642,-2.9902131582152047,-0.06741573033707865,889.8578146698646,-0.03582503754492805,-2.763863656004793,1111415.0837988828,118119143479.066,0.010608116499335548,-2.9643960254522668,2.2471910112359548,43056.747885367986,-0.0005679300969069727,-2.987049200406086
10001.734636871508,3375.2227261314374,7.880818551140652e-06,-2.989993469680643,98690027.37430167,3310966147563433.0,0.00010176631720552475,-2.989972495213648,1478.7709497206704,22552.41353336264,-0.00018419227693182005,-2.9907448337144493,-0.06741573033707865,897.1387135462691,-0.035793636967366614,-2.7641333397635512,1107001.1173184358,129014464914.47502,0.010946807301270336,-2.964934443638528,0.28089887640449435,42570.14581492239,6.338843108863762e-05,-2.9874600044180717
10002.606145251397,3372.9605800012573,-1.7313451542678944e-05,-2.9900231898991976,100272603.63128492,3324995837570871.5,-5.732385638923837e-05,-2.990062181363375,1465.0837988826815,21765.58282593684,0.0004942643387243501,-2.990061611284214,-0.033707865168539325,890.7713356899366,-0.03578326936496691,-2.764226511226805,1114051.3966480447,121556968776.12827,0.011264383039826612,-2.9634099661320223,0.8426966292134832,43945.9190758743,-0.0005796729813372616,-2.987366652079796
10002.187150837988,3374.6010137467815,-2.9320883308035756e-06,-2.990005166808705,99404412.84916201,3282649073660676.0,-4.677276635434569e-05,-2.9900137172876886,1478.2122905027934,21151.842320005027,0.000264706265589448,-2.9903825692887978,-0.033707865168539325,893.9820098472402,-0.035796728660573936,-2.7641098010205067,1102350.837988827,110683335294.23773,0.010358387496112079,-2.966871220007794,0.5617977528089887,39185.07764171194,0.0007242449117646357,-2.9860634078755646
10002.539106145252,3372.4226194212547,8.343123356361533e-06,-2.9900606227266464,100350320.11173184,3310145051429872.0,-9.302568016611036e-05,-2.990026117456552,1437.4301675977654,19546.167848848152,0.0014807737608596712,-2.9899368386042733,-0.050561797752808994,879.9244097967428,-0.035814634978679566,-2.7639723032548558,1110557.8212290502,114066186258.70946,0.011154336956998495,-2.96315837344553,0.8426966292134832,38974.008963514745,0.0003950061259968527,-2.986613205674038
10000.82122905028,3367.951007469714,8.964980921715143e-07,-2.9899812537151815,100898833.51955307,3337222942699125.0,4.902403269840437e-05,-2.990070927239343,1450.8379888268157,23440.305065595392,0.0012299221188070788,-2.990636781706348,-0.06741573033707865,886.5207360181793,-0.035819522412057415,-2.76391963382313,1117682.9608938547,131252159834.44229,0.011073315262847895,-2.963857841872843,-1.404494382022472,42203.083575306155,-0.0001673251597936845,-2.9862067716264007
10002.597765363129,3377.213702843512,-1.4779700510470753e-05,-2.9900684602640393,99524142.73743017,3286206938830369.5,-8.089097899093224e-06,-2.9898663180236076,1453.6312849162011,18427.75092586781,0.0013692249821004906,-2.9889381548464566,-0.042134831460674156,880.3423257795749,-0.03579312331352107,-2.7641555556986197,1116721.2290502794,136587585305.22256,0.011647911893812394,-2.962306815910619,0.28089887640449435,35210.5952531246,-0.0010077978999249056,-2.9863297222425618
10002.145251396649,3390.1669857510515,-1.931514435115101e-07,-2.990003735115814,97225106.424581,3144369481687109.0,2.313743479871783e-05,-2.9899557384037374,1465.9217877094973,22989.454522628836,0.0005464578618675634,-2.9906637727837615,-0.042134831460674156,890.1765954424961,-0.03581635758916203,-2.7639526114210167,1088078.4916201117,120758456936.47603,0.01055449487494566,-2.9659651209673705,0.8426966292134832,44788.615705087774,0.0006621256149310619,-2.9862483446141312
10001.717877094972,3368.910128052225,-4.871585028888061e-06,-2.9899887763773356,100919737.15083799,3351171855305619.0,-0.0001445877011748214,-2.989965487304409,1443.0167597765362,20330.17387483522,0.0012342789210098488,-2.9899978687148048,-0.06741573033707865,886.8241068046959,-0.0357966066051911,-2.764122066594897,1110930.1675977653,133736874253.34262,0.011845774160970032,-2.960524359853979,-0.28089887640449435,43665.65143289989,-0.0011387899704445638,-2.9878346620704197
9999.924581005587,3374.855235076266,3.6143059448311185e-05,-2.99007436929018,100307668.15642458,3361098335573531.0,6.58481286445944e-05,-2.990065501321113,1468.4357541899442,22888.550624568463,0.00021795774647994468,-2.990455922874429,-0.050561797752808994,879.9496906956193,-0.035812847259665104,-2.7639857252142828,1113914.5251396648,122309560967.61032,0.010369822671433432,-2.9672500635515595,-0.28089887640449435,50379.134578967285,0.00048484034901828557,-2.988196928934737
10002.128491620111,3380.6575544535795,6.918635876251666e-06,-2.9899867989396394,95767816.48044693,3082864712568394.0,7.958999690549662e-05,-2.9899809295881923,1469.5530726256984,23941.372167472207,0.00024512044805885286,-2.991098908583432,-0.042134831460674156,883.8563707233948,-0.035784813195449294,-2.7642198047155775,1072528.2122905029,108553755590.04459,0.01126504057384053,-2.962814173535265,-1.6853932584269664,46008.39540462059,0.00018178224412882768,-2.9861705650482495
10002.614525139665,3369.4151810934663,-9.104097267980313e-06,-2.9900509241543807,99729175.97765364,3324925397407256.5,1.3560578028937136e-05,-2.9899551767038495,1458.1005586592178,20818.843763731085,0.0015956910942869983,-2.98999907734834,-0.050561797752808994,884.0451963135965,-0.035767606253423616,-2.764360573705087,1113803.3519553072,117842908359.48776,0.010827393634824318,-2.9658292215476285,-0.8426966292134832,36754.907839919244,0.00020896038899880672,-2.9855223886413933
10002.614525139665,3384.0275406440282,7.605926968240522e-06,-2.9900528878459243,100238163.12849163,3401149264388688.0,5.326680149021458e-06,-2.9900537789671318,1460.0558659217877,20656.73843449879,0.0009423888966442715,-2.989989799743942,-0.05898876404494382,884.0316326852666,-0.03576385300379956,-2.764393987484952,1122035.1955307263,129008165580.15819,0.010680346285889212,-2.9657888186852315,-1.1235955056179774,44914.4678702184,-0.00034307898445459637,-2.9865328294245437
10001.156424581006,3385.3349444479313,2.8150351026060097e-05,-2.9899662071658173,100543685.47486034,3389041585577008.0,0.00018233129449877786,-2.989953589986844,1458.1005586592178,21689.630280585006,0.0005055844058306231,-2.990145004172843,-0.07584269662921347,892.9535175482876,-0.03583440615846125,-2.7638101883744413,1125273.4636871507,127950070036.25015,0.01094312115796113,-2.9650935116202044,-1.1235955056179774,44745.92854437571,-0.0002707475398285106,-2.9876910878419114
10000.234636871508,3391.705872198858,6.99334830553803e-06,-2.990055763117275,101528719.83240223,3374082711989703.5,-6.740340245456629e-05,-2.9899412969845947,1450.558659217877,22640.13558470906,0.0012391314739090425,-2.9904010594557615,-0.033707865168539325,887.181448049487,-0.03579343589578891,-2.7641499905712945,1124296.3687150837,129804865703.03185,0.01105682495760112,-2.964682389894549,-0.5617977528089887,45561.482136093946,-0.00012612514838043323,-2.9857973688968538
10002.798882681564,3368.2346054861587,-1.7102695427589334e-05,-2.990074511824574,100141805.58659218,3327433669359405.5,-1.5034835199141279e-05,-2.9900364840392393,1470.9497206703911,20752.463749921524,0.0005256353917012217,-2.9903494216094995,-0.050561797752808994,886.7502524933717,-0.03581460313809929,-2.763960617170418,1111314.2458100559,133592079753.7819,0.010464257100926626,-2.9679359576213633,0.8426966292134832,46277.379750031614,0.0005668441748196555,-2.9876380001560547
10002.187150837988,3379.8847216119516,1.3849423969526078e-05,-2.9900283885212446,100158030.44692737,3342466882952733.0,1.6659959347689147e-05,-2.990032642361571,1485.7541899441342,19276.25384470529,0.0001821466599623535,-2.9900631341118564,-0.050561797752808994,887.1800277742701,-0.03578722122707821,-2.7641886963490276,1119222.067039106,122502433878.28766,0.01065057822480075,-2.9657587906530214,-0.28089887640449435,37513.96603964148,0.0003542113422348072,-2.986726320627917
10003.184357541899,3369.960203377062,2.453744731920743e-06,-2.9901193510917747,100639238.82681565,3280572498055154.0,2.756375627871819e-05,-2.9899273104378925,1475.4189944134077,22622.71671583703,-8.430379855595936e-05,-2.990325999013378,-0.033707865168539325,891.0747064764532,-0.03576360476457679,-2.7643863313530876,1115604.469273743,113531039951.8235,0.010692301594254055,-2.964065938776778,1.1235955056179774,46740.310566847635,-3.8961961630998296e-05,-2.9876163776611078
10000.351955307262,3372.397903458665,1.4497775451048225e-06,-2.9900185081615382,99845912.01117319,3239420097401973.5,-4.952025221087883e-05,-2.989935279052052,1450.2793296089385,19143.179963593007,0.0009185803426727807,-2.9897264836770727,-0.033707865168539325,886.8527963640934,-0.03581760076912329,-2.763933999148457,1101797.2067039106,112461903531.4794,0.010145452489261072,-2.9686122078081154,0.0,38426.96629213486,-0.00013749495318201538,-2.986239713924296
10002.170391061452,3376.2671520934036,-1.8221472326667724e-05,-2.9899971869743314,99684699.16201118,3274060264552148.0,-4.718037495852587e-05,-2.9900317139704224,1465.6424581005588,18911.242232126067,0.0009847496877273434,-2.9896496662338987,-0.042134831460674156,887.1428875773279,-0.035791345327370834,-2.764170203261694,1106586.312849162,121699264235.7667,0.010608572799031843,-2.966583779417516,-0.8426966292134832,41530.18873879566,-4.889949151292215e-05,-2.9869344766759607
9999.932960893855,3350.826941183855,7.2066143755238474e-06,-2.990088701341046,101297970.39106146,3371959271586842.5,3.5696477229812287e-05,-2.9900213135846,1452.513966480447,22226.790534178643,0.0011132019227095892,-2.9905699264822156,-0.033707865168539325,880.5072907461164,-0.03578728087805056,-2.764203036994041,1121150.0,128845953988.76402,0.010467170440687299,-2.9661824261814767,-0.5617977528089887,41853.6169675546,0.0013646700014532604,-2.9854829392493256
10002.069832402234,3384.027399409956,-8.943075810563355e-06,-2.989981661733861,99980593.575419,3301083717320477.0,7.24949335633803e-05,-2.9899575940225436,1453.9106145251396,23102.598706923585,0.0016154804392016781,-2.990538009997801,-0.050561797752808994,890.5171064259562,-0.035789380751046575,-2.7641726832097873,1114328.7709497206,132027717861.40228,0.010906894266149918,-2.9655035525319993,-2.5280898876404496,50091.923368261596,-0.00017916038763138173,-2.9871422342882883
10001.248603351954,3390.888691858641,2.017406157757928e-06,-2.990007809183552,98662713.68715084,3278444033794488.5,-2.3041925792412718e-05,-2.990094401701128,1440.5027932960893,20527.273868558183,0.0011472792069713812,-2.990813840960583,-0.06741573033707865,880.3016348945838,-0.035780899746048506,-2.764255485097604,1094114.5251396648,129198311360.8688,0.010566052067928978,-2.965921305092777,-1.1235955056179774,40476.2656230274,0.0004385460328964135,-2.986565827109252
9999.446927374302,3334.57160567447,-4.4943445671484306e-06,-2.990123632716523,97731736.87150837,3143047300503435.5,-3.8013773157330655e-05,-2.9900430789107793,1449.1620111731843,24535.810683572945,0.0013727953073859806,-2.990604622090848,-0.042134831460674156,850.2074943189003,-0.035789733783511586,-2.7641839866758526,1081391.8994413407,120224748655.92241,0.010909368516750092,-2.9660787469884995,0.0,44971.91011235957,-0.00042946272701015767,-2.9864748268160914
10001.793296089385,3386.5806289623993,-1.8653546978267007e-05,-2.990011945582266,98300119.27374302,3235424597230117.5,7.935797727288084e-05,-2.989937922106994,1458.659217877095,21427.40568702533,0.0005171042017564844,-2.9906546846547637,-0.05898876404494382,890.8321944830199,-0.035764580642917355,-2.76437944902269,1094531.843575419,121228254373.54842,0.011286474484053607,-2.9633641300123696,-1.404494382022472,45461.51054159829,0.0006062017514235175,-2.9870303342187645
10001.315642458101,3379.2888550624552,6.315493672631451e-06,-2.9900609837878864,100925315.08379889,3306932417863507.0,-4.4286745832061166e-05,-2.98994402201935,1456.145251396648,23726.068671144287,0.0010743481720551986,-2.99047345366478,-0.07584269662921347,877.1276748516588,-0.03576096734960268,-2.7644202255758725,1111372.3463687152,123726119919.18277,0.011428303490448634,-2.9619278702767,1.404494382022472,50939.03863148591,-7.802065858994216e-05,-2.9882259294708295
10001.18156424581,3381.749152595567,-3.3020864421673014e-05,-2.989997508932939,99861320.11173184,3228554850799903.0,-6.289922235602031e-05,-2.990002157126472,1465.9217877094973,19843.38710689851,-0.00036559133522691943,-2.9900519134067607,-0.06741573033707865,893.1696124226737,-0.03582875659274348,-2.763842924054949,1098155.5865921788,112221547496.70453,0.010430213770040206,-2.965562695580378,1.1235955056179774,38481.883600555506,0.0009288515131756029,-2.9856268396431096
9999.413407821228,3341.662403490049,-2.3315668441137875e-07,-2.990163519736885,102312500.0,3402135262890028.0,-3.794093024756969e-05,-2.9899062155442064,1439.3854748603353,21122.653945138423,0.0020287789026212414,-2.989535804938781,-0.050561797752808994,856.6659828304502,-0.03579972946234338,-2.764094985418229,1128386.592178771,123275506195.62486,0.010350246434401996,-2.9680301898206594,1.9662921348314606,42791.077515465215,-0.00022269223607296356,-2.986006830584645
10003.025139664804,3363.762004896113,2.0508010021052967e-06,-2.990089837114774,99102133.51955307,3249620944348981.5,1.5832504836350834e-05,-2.989920990932484,1467.877094972067,21869.62525892914,0.0003780006357041417,-2.990561586247818,-0.050561797752808994,890.4665446282033,-0.03579594660692913,-2.7641048630498677,1101982.6815642458,128745720625.35303,0.010726282525647725,-2.966539905125308,1.9662921348314606,47369.72920085844,0.00012522518072497383,-2.9876443974364455
10000.536312849163,3379.109629025171,1.966678707513517e-05,-2.9900578565048685,100075562.5698324,3284669274929686.5,-8.036200365119825e-05,-2.9899480797237374,1465.9217877094973,21809.67924172997,0.00044065435178265136,-2.9903964244798944,-0.042134831460674156,897.8114269031701,-0.03576550770296518,-2.764365204127873,1109667.8770949722,129159076504.4567,0.011294433798364369,-2.963260430101821,0.8426966292134832,46277.37975003163,0.0014913546706702746,-2.9872864748198995
10001.659217877095,3399.105125227544,-1.541777002498814e-05,-2.9900191166936163,99240650.55865921,3216392612040025.5,-0.00012929231831088954,-2.9900688577588626,1469.832402234637,22258.96051723055,-2.408867139550022e-06,-2.990566338231751,-0.05898876404494382,886.7366888650425,-0.035807461168126296,-2.764035505813121,1095781.56424581,123413823703.1574,0.01143841249877326,-2.9618201427910416,0.28089887640449435,42766.775028405515,0.0009890533845302507,-2.9866802612253793
10000.863128491621,3387.460093528339,1.3891904936264142e-05,-2.9900193208922654,101343901.11731844,3392826631652021.0,-6.11983988936813e-05,-2.990033750116932,1472.0670391061453,21265.928064779342,0.00040591272792868367,-2.9904600364922294,-0.06741573033707865,877.4954551193028,-0.03574237722912841,-2.7645767398311256,1117616.4804469275,124376073842.03754,0.01092651954726096,-2.9647792051140747,-0.28089887640449435,42008.34806211336,0.0006868548677139532,-2.9875321818866922
10000.27653631285,3373.4188845646863,3.50684839474325e-06,-2.9900708412263044,102231468.4357542,3375027705654545.5,-0.0002122503054923292,-2.9899552964096436,1469.5530726256984,21778.4508191576,0.00021743114490674052,-2.990856558357796,-0.050561797752808994,886.7502524933716,-0.03581108912910436,-2.764001955036247,1119577.6536312848,145432486632.66583,0.010974450368987594,-2.9653485672959263,1.9662921348314606,42341.63931321804,-0.0006027850125531907,-2.9874461358138573
10001.298882681564,3392.9593245872825,4.124460648826523e-05,-2.9900235234049526,99193581.84357542,3164022855447547.0,2.4345913905674128e-05,-2.9899077296138463,1478.491620111732,20953.329985562756,-0.00012867475716113135,-2.9906642353208808,-0.05898876404494382,886.559722572908,-0.03581850262036204,-2.763941312075321,1098158.3798882682,119334697626.0122,0.010122883690654812,-2.9681578865282976,0.8426966292134832,44254.90783991926,-0.0005336269776697027,-2.9872187828637786
10001.240223463687,3384.3492718598964,1.6187442272354653e-07,-2.9899962072841424,103521187.4301676,3553459430124292.5,2.177885394298131e-05,-2.990116491177994,1461.173184357542,20436.25635553324,0.00044119070013242523,-2.9900568586796314,-0.07584269662921347,879.8327310314337,-0.03580618287172451,-2.764045365390028,1144092.7374301676,118240650508.7565,0.010333294241050986,-2.968424626716477,-2.2471910112359548,42691.57934604214,-6.410948111999669e-05,-2.9870342174516673
10000.829608938548,3400.081758834978,1.593708919509232e-05,-2.9900041789288347,99447939.66480447,3281566519456704.0,8.588885848810632e-05,-2.9900807339010744,1444.1340782122904,23181.689787207335,0.0016830760831929453,-2.990211898513452,-0.06741573033707865,887.2033202878422,-0.03577239165453232,-2.7643231863869833,1103231.0055865922,112444314665.27531,0.010837333919024883,-2.965312649250706,-0.28089887640449435,43834.190758742596,1.9493617146560568e-05,-2.986750680740995
9999.413407821228,3343.8871225911735,-2.841292276509153e-06,-2.9901563944530345,99316751.95530726,3284389317395263.5,3.809226544399615e-05,-2.989966745116025,1454.4692737430169,22732.72236519994,0.0005927305353009456,-2.9906026278475824,-0.050561797752808994,857.272724403484,-0.03575965842380493,-2.7644280045798397,1108980.4469273742,118339145711.03502,0.01130225905692848,-2.961582246267294,-1.1235955056179774,48650.422926398176,-0.00012667185892848123,-2.9873802973955867
10002.54748603352,3384.1227324085125,-1.0858858440917558e-05,-2.990057977194476,98246203.0726257,3233663354760231.0,-8.666807673183039e-06,-2.9899828851293995,1430.7262569832403,22056.211160630195,0.0022699673508365377,-2.9896326027012345,-0.033707865168539325,883.5662795101613,-0.035808402964275086,-2.7640248680124344,1095963.12849162,137591117200.26987,0.011764239105382905,-2.9621381906798856,-0.5617977528089887,42471.59449564449,-0.000770068679222016,-2.9863472117050165
10000.745810055865,3374.251035716528,1.097212585798912e-05,-2.990031089111382,101528867.59776536,3412426608366723.0,5.101629697805356e-05,-2.9900968528636915,1452.7932960893854,20806.760404243305,0.0015629538872074906,-2.9900720051811893,-0.07584269662921347,883.3720568741305,-0.035799406901495474,-2.7640819558003153,1127406.4245810055,135260236686.021,0.010437440637948504,-2.967829757249408,0.28089887640449435,45351.0446913269,-0.0005213450731903597,-2.9871079173149955
10001.810055865923,3381.00866235641,-4.316463355311132e-06,-2.9900124662405583,100080753.0726257,3388071221842140.0,6.825732829273381e-05,-2.990005983389468,1473.1843575418995,20934.184922478187,0.0005851385957573407,-2.9902959190162597,-0.05898876404494382,884.1580371796496,-0.035755864736404026,-2.764461274668039,1118254.469273743,121009398350.69989,0.011113680370892746,-2.9639029825452283,1.404494382022472,37399.71278878928,-4.415407984227375e-05,-2.9870004210278434
10000.326815642458,3370.2282656455973,1.2281118124200777e-05,-2.990028013627455,100955287.70949721,3340507874814399.0,-0.00012216939791235654,-2.9899999963475072,1465.9217877094973,21332.15115184234,0.00020934045185273188,-2.990615257245781,-0.05898876404494382,886.8630933594242,-0.03579917559627912,-2.7641024331711495,1117122.3463687152,107839219385.47487,0.01027313947453649,-2.9662636196272882,-1.1235955056179774,50223.45663426333,-3.866411175094102e-05,-2.9879689288581357
9999.891061452514,3350.402391563619,1.843673823212361e-05,-2.9900950854266513,101210088.26815642,3306539656580620.5,-0.0001274615593936316,-2.9899831949156366,1456.4245810055866,21433.2119766493,0.0013257537645732487,-2.9895961261837134,-0.033707865168539325,883.970773892184,-0.035782585550142736,-2.7642403138329836,1114396.9273743017,127358735847.24751,0.010806902027341001,-2.965723252634772,-1.1235955056179774,44970.6476454993,-1.898061294968437e-05,-2.987731300076303
10002.958100558659,3362.8760435628656,1.5346097731724855e-05,-2.9901202699084957,101207244.97206704,3413066506029105.5,-7.676765131380804e-05,-2.9900302770440534,1461.173184357542,20857.604670139972,0.0011128000688296813,-2.99014298242556,-0.05898876404494382,879.8350034717841,-0.03581585109890595,-2.763965333739639,1122132.402234637,122520340376.78111,0.01092684340355917,-2.9652309860003605,0.0,39382.02247191011,0.0005722618672110467,-2.985688388457769
10000.377094972067,3381.1393038729534,-4.585424707447314e-06,-2.9899983901790406,101376882.12290503,3345548110242401.5,-6.901757206305014e-05,-2.989904459161256,1461.4525139664804,21792.260372857952,9.34867509866649e-05,-2.9909914457260673,-0.050561797752808994,894.1069940664058,-0.03577859314161893,-2.764255770242168,1120496.9273743017,126642186661.85431,0.010444687997797462,-2.966943963314997,1.404494382022472,43832.29705845221,0.0005104471542836053,-2.987626087217344
10000.754189944135,3386.6133952670893,-6.954853579343291e-07,-2.9900295647606083,102503478.77094972,3438206660907804.5,-4.279854932790316e-05,-2.9900991503029584,1468.4357541899442,20669.449500972947,-6.184900418789143e-05,-2.989795361961627,-0.06741573033707865,883.891522535033,-0.03576795437574047,-2.764359999593947,1130003.0726256983,142808842645.00034,0.011130263963299044,-2.9648146737795,1.1235955056179774,39858.28809493754,-0.0007520045961082482,-2.986608373453458
9999.849162011173,3353.7917268219194,-1.5536113514380206e-08,-2.990069128643628,99996473.46368715,3376622864836523.5,0.00014846198419200327,-2.990055523940472,1459.4972067039107,24656.487351704232,0.0008921224718776913,-2.9911975798482753,-0.05898876404494382,890.1748911122335,-0.035806402776350485,-2.764032263051031,1117984.0782122905,105947307483.8365,0.011085750975010676,-2.9624434616868114,-0.8426966292134832,47653.78424441363,0.0007333495039687115,-2.987172400045689
9999.396648044692,3345.9401010608253,2.6453861193945243e-05,-2.9901378254563156,102033359.4972067,3359582181450248.5,-0.00013716789539526802,-2.989975639218435,1463.1284916201118,19307.011487037853,0.0006916064296012104,-2.990169571192329,-0.042134831460674156,856.603561734631,-0.03580887172891312,-2.7640195556199543,1120306.4245810055,126925110478.1558,0.010354968942064158,-2.967794364362731,1.404494382022472,42062.634137103894,0.0006078554520551952,-2.987648345788551
10002.715083798883,3377.623422886196,8.757270466698658e-06,-2.9900486730354774,99164043.8547486,3169783196660833.0,-0.00017851333278572705,-2.9900295064187894,1460.0558659217877,22257.862030004417,0.000768380416951915,-2.9906635457376893,-0.050561797752808994,889.9609266506748,-0.03582517979937948,-2.763878834987378,1091935.7541899441,115878078770.63579,0.011006590780691107,-2.9647372029364596,1.1235955056179774,43931.321802802675,0.0005049410738618411,-2.9868239860443118
10001.173184357542,3383.3490521624512,8.701349141342047e-06,-2.989975065752368,101243126.25698324,3334160589078381.0,-4.071609549574186e-05,-2.990063800693795,1465.9217877094973,22849.005084426608,0.0009712754992585233,-2.990483504023426,-0.07584269662921347,893.6866636157032,-0.03579087929706656,-2.7641555750569236,1110678.7709497206,143414748338.9304,0.010727698455721387,-2.9661437459501205,0.8426966292134832,44058.278626436106,-2.783364391923153e-05,-2.986117244065638
10001.701117318436,3379.004268407508,4.505717571315668e-07,-2.990031412796854,99302646.64804469,3252100933552992.5,-5.334052012288064e-05,-2.989936160058561,1471.7877094972066,20252.965915510635,-0.00020947732721198018,-2.9896250061957295,-0.07584269662921347,880.0602591213213,-0.03579111837098415,-2.7641667539976447,1100824.8603351954,101343743128.49164,0.010146860709124156,-2.968683960095293,0.5617977528089887,44409.79674283548,0.00019510137511831666,-2.987111677487106
10000.72905027933,3380.975331115437,1.3845507830339506e-05,-2.990000872120382,99016622.62569833,3235097915564444.5,-1.4973212758078545e-05,-2.9900708740782322,1489.3854748603353,22695.68765300356,-0.0012359373192226872,-2.990761290986771,-0.05898876404494382,890.5288236965029,-0.035783969137767054,-2.764219357328185,1092995.530726257,116086811215.8685,0.010867753509693512,-2.9648557666216,-1.1235955056179774,46993.11955561168,-0.0005015800941031197,-2.9872856028516104
10002.111731843575,3372.7908166467882,-6.542361145358986e-06,-2.990027566872051,99723217.87709497,3349724303950998.0,6.116139232580785e-05,-2.9900707908368336,1460.6145251396647,20982.204506936145,0.000731684645632821,-2.9902349928004783,-0.050561797752808994,890.4159828304507,-0.035796198594458324,-2.7641195493939197,1117677.094972067,118651594612.86179,0.01055825243978167,-2.964930914910984,1.6853932584269664,44042.10326978911,-0.000381634573906887,-2.9879063347992796
10000.31843575419,3376.516006528152,-1.3334389984612015e-05,-2.9900473484652634,101436213.12849163,3341867423756359.0,-0.00016973170784509694,-2.99000630815903,1467.31843575419,23715.240725629348,0.0006810646032076406,-2.9908641966111196,-0.050561797752808994,883.4637356394387,-0.0358051687241269,-2.76405125727678,1115714.2458100559,130559731130.1864,0.010703179147291624,-2.9658625923564856,1.404494382022472,45939.038631485935,7.146512133592271e-05,-2.986141784439078
10003.435754189944,3347.2275908605857,-2.5904144477866033e-05,-2.9901378112931725,100149501.39664805,3285869434373916.0,-1.459044107514118e-05,-2.9900202553583872,1460.0558659217877,22201.68225472353,0.0010232056697804042,-2.9903368341819956,-0.042134831460674156,853.089516790811,-0.035820914437966166,-2.7639237403951533,1107866.4804469275,137978980330.8016,0.010869674593006232,-2.965590268398462,-0.28089887640449435,42654.41547784371,1.967746241665751e-05,-2.986728257795992
10000.301675977653,3370.1303904337437,2.3403230480004015e-05,-2.990062738991235,101868371.50837989,3424792600372075.5,1.7663249974849912e-05,-2.9900307557757584,1441.340782122905,19180.21467578935,0.0019073641249020355,-2.989261257001554,-0.042134831460674156,887.2692920717097,-0.03578585799044408,-2.764195252160716,1127197.4860335195,106295041580.7232,0.010410915549049543,-2.967379436988795,0.5617977528089887,37078.3360686782,0.0009775420302473071,-2.9854941748326986
10003.033519553073,3354.4202184420315,1.133721455362601e-05,-2.9901088681170105,99278826.25698324,3311882491585570.5,5.1586154063106514e-05,-2.989964193982473,1446.927374301676,22785.449752055756,0.0013141706357309968,-2.990398141963831,-0.050561797752808994,880.0255333922482,-0.03580838565757187,-2.7640266082719878,1110446.6480446928,110688014005.55522,0.010092972777378612,-2.9684462202196444,-1.404494382022472,42736.79144047469,-0.0004478601696856047,-2.986546329902036
10003.553072625698,3350.4480101688528,1.6081434641688933e-05,-2.9901544612109254,99734642.17877094,3329116069742577.5,4.9117729975197616e-05,-2.9900325817771782,1454.4692737430169,20373.17180340217,0.0008646378189568236,-2.9900578621689857,-0.033707865168539325,853.3050435551053,-0.03581122503731596,-2.764001171835808,1113024.5810055865,121356511330.58182,0.011566226663643694,-2.9604540969503916,0.8426966292134832,39957.155030930466,-0.0001369652867844958,-2.987242130534788
10000.812849162012,3370.05045194903,-6.516910119374652e-06,-2.990018685830694,100715543.8547486,3400009240667968.0,3.596046137062352e-05,-2.990124659839368,1457.5418994413408,20350.10357165275,0.001201032727119169,-2.9900591860077945,-0.06741573033707865,883.0825337709882,-0.03582003282553484,-2.763929274390331,1114437.1508379888,135901811435.095,0.011178793520262516,-2.965341982428461,0.0,43483.14606741572,0.0006671752328507026,-2.9865933062055228
10000.837988826815,3370.805065595376,-1.3635809535261997e-05,-2.9900209728048606,100952242.45810056,3369108264589704.0,-7.279439324961783e-05,-2.990000301757587,1462.2905027932961,21449.218504802004,0.0003686056206481038,-2.99060734476405,-0.06741573033707865,883.5123090518873,-0.03579225962944872,-2.764158164045198,1118413.12849162,119738324559.82048,0.010425516018447628,-2.966391880821198,-1.9662921348314606,43914.67302108321,0.0009574404458502157,-2.987638370463046
10001.743016759776,3386.481341409832,-2.4343427238961186e-05,-2.9900132880393056,100808740.5027933,3460078069126116.5,7.3348984142238185e-06,-2.990113397438207,1430.167597765363,20601.65714644402,0.001965722640067302,-2.989425231174028,-0.06741573033707865,883.8409607372804,-0.03577088072930959,-2.7643328377216796,1122223.1843575418,126800303069.01634,0.011246267714736009,-2.9634143837948197,0.8426966292134832,41558.27862643611,4.046775734205984e-05,-2.98512408036753
10001.164804469274,3384.872967798633,-5.491762610240631e-06,-2.990028147828225,98325703.0726257,3099466972897644.5,-6.355477396232233e-05,-2.9899677029676464,1454.4692737430169,23322.61000564937,0.0005183277232746183,-2.9909302996328058,-0.07584269662921347,882.9675624921077,-0.0358220914287375,-2.763908186975282,1077057.8212290502,107710762185.67567,0.01078213980892396,-2.9643658197254315,0.0,47921.34831460675,-0.00021316617485549877,-2.9874258007272325
10000.460893854748,3362.411383466199,1.9159615744408644e-05,-2.9900393178330744,99708435.47486034,3160173309832176.5,-0.00023178860311693682,-2.989901498012776,1486.8715083798882,23885.663172431123,-0.000605910065729444,-2.9907450754484044,-0.033707865168539325,887.1814480494872,-0.03579394096699641,-2.7641503586421132,1093784.9162011172,129026495192.5491,0.010833613392484776,-2.964451739675971,0.8426966292134832,47738.053907334994,4.255634838707044e-05,-2.9869863410166655
10000.829608938548,3384.053668947336,6.321946390555104e-06,-2.9900067065254823,100810786.03351955,3353253799962978.0,4.275312971130663e-05,-2.9900121557201085,1479.608938547486,23416.138346619828,-7.34272450216695e-05,-2.9909579697748043,-0.07584269662921347,890.905764739299,-0.03575019035669962,-2.764498895585818,1118909.497206704,117095912296.9368,0.010351868830928215,-2.9676805484452013,-0.5617977528089887,47808.6731473299,0.0003102747649002444,-2.9869975529748203
10001.77653631285,3407.4216935534523,3.8072261667447905e-07,-2.9900170320254404,101063904.18994413,3360905407684154.5,-5.991729906320154e-05,-2.990037986493147,1463.6871508379888,19909.92404745466,-0.00018829361471175775,-2.990461263925975,-0.050561797752808994,890.5929491225854,-0.035784591490179825,-2.764212799160167,1112035.7541899441,121229589557.1527,0.011100979462732781,-2.963996565346767,-0.8426966292134832,42962.77300845855,0.0001249703785792929,-2.987196148932035
10003.553072625698,3329.2373360115494,6.572315299262873e-06,-2.990170174879923,101041357.26256983,3372008608631351.5,-1.6572027325655048e-05,-2.9899376038657284,1445.5307262569831,20682.16056744711,0.0015445521439830705,-2.989688332072907,-0.050561797752808994,846.5536232798883,-0.03580838481757146,-2.764022742295358,1122898.6033519553,113281199787.36424,0.010841761050821366,-2.9658361304997687,-0.8426966292134832,41670.6381769979,0.0006848928564386302,-2.986164629808973
10003.477653631286,3349.097812441155,4.2191492518495636e-05,-2.990164894190622,102085013.40782122,3428635117297179.0,-7.116201788940384e-06,-2.989973037853438,1467.877094972067,19734.793798254977,0.0010792334050207673,-2.9900331726054605,-0.050561797752808994,846.7811513697764,-0.035796653743701376,-2.7641058139709673,1131792.4581005587,134587433411.90138,0.01128903412467293,-2.9639932337180723,0.0,36516.853932584294,0.0014876021181641863,-2.987096750520644
10000.351955307262,3375.3557686272047,6.233292495866829e-06,-2.9900631399758804,100925365.92178771,3418791115523495.5,-1.0408836486495807e-05,-2.9900222057351753,1482.68156424581,22423.105894168675,-0.0005650437059542831,-2.9903604618623008,-0.042134831460674156,887.3451347683389,-0.03577809420233425,-2.76427719057119,1123131.2849162011,119113371937.10379,0.010214901949780843,-2.966699428361517,-1.1235955056179774,47414.467870218425,-0.00019318948757664946,-2.987064068400431
10003.486033519554,3335.121994852803,-9.870353855605469e-06,-2.9901549139464176,98531701.95530726,3223402092814027.0,-5.091265665283128e-05,-2.9900219738906015,1466.4804469273743,22802.711694181125,0.000343146423519372,-2.9906269374787877,-0.042134831460674156,849.9799662290131,-0.035805214694356095,-2.7640582505473295,1095834.9162011172,127304208057.71768,0.010639684131111288,-2.966657904926091,1.6853932584269664,46120.75495518237,0.00012038073844738459,-2.9864778793556876
10002.203910614526,3380.240490239155,-2.638693927625416e-05,-2.9900049706659413,98951549.44134079,3187496050728877.5,-2.2072711482412114e-05,-2.9899243143591874,1454.7486033519554,20581.256669386705,0.000950469926400817,-2.9901696056466425,-0.042134831460674156,890.909741509912,-0.035769029278937804,-2.7643394429262367,1099997.4860335195,118860677844.76799,0.01098540168708075,-2.9643060414048557,-1.404494382022472,39983.98245171066,5.344007411380582e-05,-2.9857472696931677
10000.041899441341,3367.9322233381463,2.6581105866144158e-05,-2.990092285969895,99681787.15083799,3265086472913737.5,3.664280452241383e-05,-2.9899320247838594,1457.8212290502793,21932.86673780679,0.000945085985811809,-2.990699958940681,-0.050561797752808994,876.3092412574169,-0.035829142721625545,-2.763859343680699,1107348.3240223464,115604794098.29887,0.010600662481045502,-2.965621791753339,1.6853932584269664,49126.37293271047,-4.74576007145128e-05,-2.9881193140672697
10000.846368715083,3374.949579436319,-3.3070693266800975e-06,-2.990041213795309,100708937.4301676,3315462510987606.0,-5.565784726279428e-06,-2.9899980107672604,1490.2234636871508,21631.410457598373,-0.001036100266317135,-2.990181855115207,-0.05898876404494382,879.9361270672892,-0.03580928384945083,-2.7640194241177958,1118150.279329609,124942457766.77544,0.011069384736623934,-2.9641415505973105,0.0,41404.49438202247,-0.0007040727606723247,-2.986440000242319
9999.530726256984,3347.829106772959,1.254232139208736e-05,-2.990131738804867,100552837.15083799,3416505130338683.0,0.00013548467246070288,-2.9899915461173188,1455.5865921787708,22777.603414726007,0.0005456719979689732,-2.991305224942549,-0.050561797752808994,849.6884547405625,-0.03582317203492926,-2.763894946326503,1128778.7709497206,122720285136.6832,0.0105593095993584,-2.9654713934871006,0.5617977528089887,45589.57202373436,0.00043550941775645806,-2.9872041747075277
9999.413407821228,3358.19611135522,1.6962329063837534e-05,-2.9901346818403174,102106148.32402235,3375762898833312.0,-0.0001440921594627901,-2.9900112184298164,1453.072625698324,22167.472223965837,0.0012362000619636363,-2.990164232905616,-0.033707865168539325,849.8415604090375,-0.03582301352247112,-2.7638972074159573,1118978.2122905029,132283365393.41539,0.011203791974236951,-2.964221902724861,-0.8426966292134832,49142.54828935745,-0.00042569596563092187,-2.9876948986778027
10003.117318435754,3361.865372544098,-4.034643826896081e-05,-2.990104842763616,98735507.26256983,3289520234301155.0,8.374102228638407e-05,-2.9900019905596897,1456.145251396648,24540.67541271734,0.0008708966000405189,-2.9912070617839395,-0.050561797752808994,883.8935109203378,-0.03578095437615839,-2.764238289116337,1108191.340782123,144676615500.43936,0.011122650972824761,-2.965080373678513,-2.5280898876404496,51187.4289862391,0.0002716336968732606,-2.9878110918101526
10001.59217877095,3375.004095788085,7.387474429174384e-07,-2.9900153697581526,98419917.03910615,3211154917009583.5,2.566189960591593e-05,-2.9898452416842773,1464.5251396648046,23270.981106019706,0.0003399555112684224,-2.9909870248483728,-0.08426966292134831,886.6698649160464,-0.03580027937818018,-2.764079817694911,1098618.156424581,116567263278.04282,0.01151186443921644,-2.9631801852455553,-0.5617977528089887,48033.39224845348,-0.0014447293052454835,-2.9867233663405286
