5251.671348314607,1346.4823799795718,-0.001840927144869886,-2.9833611398051083,497248364.0449438,8.312174381698627e+16,-1.2141711611991465e-05,-2.980042984803759,2967.9775280898875,582.2267620020422,0.00654009290597067,-2.985083511075378,-0.7954545454545454,656.1854338842974,0.0070913180866214644,-2.97355560945645,11051634.269662922,9597921617477.016,0.02820825875650708,-2.910973216430766,0.5681818181818182,1107.6317148760338,-0.00014256702814949794,-2.974642209102565
5245.182584269663,1276.0848921092952,0.0025952244725504737,-2.98223458349393,506297480.8988764,8.312671666271778e+16,9.041860795896113e-06,-2.9800437254957775,2972.4719101123596,625.6384065372835,0.0022712806441812635,-2.9884311659267926,-0.7102272727272727,620.2697249483471,0.004946531825420799,-2.97872673736602,11170989.325842697,10800694802072.266,0.026395584323599036,-2.9210615826615287,0.0,1534.0909090909101,0.0,-2.9816895547232627
5251.671348314607,1327.8034027068436,-0.0020090114907131552,-2.983317640346783,497268224.1573034,8.312467132713469e+16,-1.3087127944920345e-05,-2.9800432541387685,2975.2808988764045,632.022471910112,-0.00025108671279181236,-2.9888846806660214,-0.7954545454545454,648.9411157024794,0.007383556255429215,-2.973135336911157,11051728.089887641,9596757299372.443,0.02820705468633872,-2.9109806916122483,0.5681818181818182,1334.90444214876,-0.0001970012544809193,-2.978956340513761
5254.185393258427,1097.9794433094999,-0.0015815870165213144,-2.982416125790583,499512916.2921348,8.327417784558192e+16,-5.457207168739508e-06,-2.9799909138196012,2978.0898876404494,622.4463738508684,-0.0027831185474676283,-2.9882009199822606,-0.5397727272727273,514.1972817665288,0.0005396723856580116,-2.984070838896769,11170687.078651685,10799709007870.908,0.026396227964462057,-2.9210503760166397,0.0,1420.4545454545462,0.0,-2.9802247191011237
5245.098314606742,1270.2494573544434,0.002466468388339211,-2.9823119136537075,506295987.64044946,8.312552276815706e+16,9.26202311034209e-06,-2.980043507960259,2974.7191011235955,632.022471910112,0.0002510867127918126,-2.9888846806660214,-0.7386363636363636,613.0197572314049,0.004791965288610817,-2.9789135053911746,11170951.123595506,10800221049657.816,0.026395229781097485,-2.9210570045359576,0.5681818181818182,1278.0862603305775,-0.00018646709847080803,-2.978021539291091
5254.4241573033705,1124.0076768386102,-0.0014482754603215285,-2.982538849088536,499535434.83146065,8.328588872874875e+16,-5.259301733794282e-06,-2.9799912995397237,2976.9662921348313,628.1920326864152,-0.0017629574037131986,-2.9886136779559944,-0.5255681818181818,526.8722155862603,0.0004634777959008348,-2.9838124056758053,11171292.696629213,10799324749122.191,0.026394541214676586,-2.921062553442175,-0.5681818181818182,1334.9044421487602,0.00019700125448091936,-2.978956340513761
5248.13202247191,1397.0569458631257,0.0007806536079325105,-2.984718447688047,507298853.9325843,8.311925058785582e+16,-1.1244507208264778e-05,-2.9800433217470896,2970.7865168539324,614.1470888661903,0.0038207185885461817,-2.98759107937242,-0.7102272727272727,698.4657476756199,0.009554425386837614,-2.9670514105920023,11170658.426966293,10356156945354.316,0.02545718221464704,-2.9269869241221684,0.5681818181818182,1107.6317148760327,-0.00014256702814949813,-2.974642209102565
5251.657303370786,1337.1369062819197,-0.00201401333307191,-2.9833189830571665,497246673.5955056,8.312239870675965e+16,-1.237650436242812e-05,-2.9800433544804723,2971.9101123595506,622.4463738508684,0.002783118547467627,-2.9882009199822606,-0.7954545454545454,653.5931043388429,0.007275886901266323,-2.9732128612118696,11051508.988764046,9600654442702.371,0.028204926889030656,-2.9109898194236856,0.0,1079.5454545454543,0.0,-2.97397989355411
5246.137640449439,1339.475868232891,0.00215912971742224,-2.983273657835613,502883444.3820225,8.332092947297787e+16,-7.299276443808892e-07,-2.97997653292162,2971.3483146067415,618.6159346271711,0.0032993074831502087,-2.9879214883715597,-0.5397727272727273,675.4543840392562,-0.0066800386926196935,-2.9747371311835735,11170625.280898876,10607352156313.84,0.02544741325406837,-2.9273423516860473,-0.5681818181818182,1391.7226239669417,0.0002060204431115541,-2.9798148668782423
5252.640449438202,1262.444538432074,-0.0024102538004158705,-2.9821010967647115,500620368.53932583,8.3305923048529e+16,-3.5204185336111766e-06,-2.9799812901303406,2978.0898876404494,622.4463738508684,-0.0027831185474676287,-2.9882009199822606,-0.5113636363636364,632.8350981404959,-0.00467541213920393,-2.979291783376084,11170694.943820225,10610757527104.824,0.025446185390328953,-2.9273459955710495,0.0,1363.6363636363642,0.0,-2.9794007490636703
5245.210674157303,1279.4828109039843,0.002507726290518517,-2.9823754115455317,506281447.19101125,8.3120940767842e+16,9.089061606789913e-06,-2.9800435807763397,2976.9662921348313,628.1920326864151,-0.001762957403713199,-2.9886136779559944,-0.7528409090909091,616.2123498837809,0.004603286470647206,-2.9789423477308774,11170650.0,10799280414772.729,0.02639489284266891,-2.9210579171370235,-0.5681818181818182,1334.9044421487592,0.00019700125448091953,-2.978956340513761
5246.23595505618,1327.60988572523,0.002173191653929169,-2.9833771890799614,502883420.2247191,8.332091990304632e+16,-3.3779331810810075e-07,-2.9799761680675085,2971.3483146067415,618.6159346271711,0.003299307483150208,-2.9879214883715597,-0.5113636363636364,674.0637913223143,-0.006695261990585531,-2.9740687770106105,11170695.505617978,10609595128104.572,0.025447540695048877,-2.927342732332103,0.0,1193.1818181818182,0.0,-2.976457998929909
5245.238764044944,1277.658963227784,0.002582865191751227,-2.9821814077506454,506280501.6853933,8.311943906994198e+16,8.978876862805345e-06,-2.980043464479628,2975.2808988764045,632.022471910112,-0.00025108671279181274,-2.9888846806660214,-0.7244318181818181,620.9063064953514,0.005117150167262054,-2.9784994151865876,11170574.15730337,10799385226199.566,0.026393651719636074,-2.921067680392083,0.0,1250.0000000000002,0.0,-2.9775280898876404
5252.682584269663,1260.9570512002042,-0.002263837092605592,-2.9823295021582346,500630065.16853935,8.330669772652344e+16,-3.699300473240905e-06,-2.9799811453412905,2975.8426966292136,631.3840653728289,-0.0007536408612394586,-2.988839741895097,-0.49715909090909094,625.9424635201445,-0.003996958916276841,-2.9799157160476635,11170789.88764045,10608763829044.305,0.02544726009344826,-2.927343952328128,0.5681818181818182,1164.449896694215,-0.0001596464976550565,-2.9758784883881244
5246.23595505618,1345.4010789070483,0.002325235779763957,-2.9832654267171224,502893526.96629214,8.332405035472494e+16,-5.6845106286486e-07,-2.9799760038603194,2975.8426966292136,631.3840653728289,-0.0007536408612394588,-2.988839741895097,-0.5113636363636364,682.4089617768598,-0.006777445169868033,-2.974287231936798,11170924.719101124,10610649726882.02,0.02544702998495983,-2.9273440575364233,0.0,1363.6363636363642,0.0,-2.9794007490636703
5248.342696629214,1397.896849463738,0.000822274294146703,-2.9847107346598305,507304740.4494382,8.312223744981525e+16,-1.0766341115373209e-05,-2.9800432929283196,2974.1573033707864,631.3840653728289,0.0007536408612394588,-2.988839741895097,-0.7528409090909091,699.8771226110537,0.00977431671639349,-2.9662857819199187,11170891.011235954,10358769947077.375,0.025457992663571825,-2.926985880638506,0.0,1136.3636363636363,0.0,-2.9752808988764046
5252.654494382023,1246.4779909346278,-0.0024181123746762827,-2.9822730998406106,500636338.76404494,8.330864548856402e+16,-3.4470729004322603e-06,-2.979981237661787,2975.8426966292136,631.3840653728289,-0.0007536408612394592,-2.988839741895097,-0.49715909090909094,618.4140544292358,-0.004005108222058912,-2.979807559087584,11170876.966292135,10608734236366.834,0.025446712150561445,-2.927344645600708,0.0,1193.1818181818182,0.0,-2.976457998929909
5243.342696629214,1123.2164517364647,0.0016917475937928371,-2.9824817883561985,505150613.4831461,8.320787778264112e+16,5.1083751642413605e-06,-2.980015011302239,2973.0337078651687,628.1920326864154,0.0017629574037131973,-2.9886136779559944,-0.5255681818181818,527.8310224044421,0.00020882391877016015,-2.984002957945499,11170940.449438203,10608735808856.617,0.025446962495021257,-2.9273441672101868,0.0,1420.4545454545462,0.0,-2.9802247191011237
5254.002808988764,1159.7009863381,-0.0020125144925575637,-2.9820275604693642,498360746.0674157,8.321954933149286e+16,-7.771240307608057e-06,-2.980010923672772,2978.0898876404494,622.4463738508684,-0.0027831185474676287,-2.9882009199822606,-0.5255681818181818,551.1264769498965,0.0007853841221552962,-2.9843418466457448,11170680.898876404,10606063273381.004,0.025446187163522836,-2.927346274072626,0.0,1136.3636363636363,0.0,-2.9752808988764046
5251.587078651685,1342.2501436414714,-0.0019806711097572587,-2.9834363704855806,497253372.4719101,8.3123204028592e+16,-1.229763970773448e-05,-2.980043111799358,2979.2134831460676,614.1470888661903,-0.003820718588546185,-2.98759107937242,-0.7954545454545454,653.024922520661,0.006984996993042489,-2.9735765377628627,11051651.123595506,9596236080396.45,0.028203540502756023,-2.9109948572681645,-0.5681818181818182,1221.2680785123966,0.00017413304875647136,-2.976999825846528
5243.497191011236,1109.2748499744632,0.0016152323600133734,-2.9825656985851996,505158404.494382,8.321204160270984e+16,4.999077982971712e-06,-2.980015131115527,2970.224719101124,609.0398365679272,0.004348265585760161,-2.9872075318190614,-0.5113636363636364,520.157541322314,0.00013939737871598265,-2.983850409186189,11171094.382022472,10610369438661.26,0.02544581898345281,-2.927346896468624,0.5681818181818182,1221.268078512397,-0.00017413304875647112,-2.976999825846528
5245.182584269663,1274.7354602911137,0.0024568144261376853,-2.9822852606705146,506287820.2247191,8.311897165344138e+16,8.873431374339411e-06,-2.9800434134975946,2970.7865168539324,614.1470888661904,0.003820718588546182,-2.98759107937242,-0.7386363636363636,620.2995867768594,0.005214789580536538,-2.978242474372489,11170589.88764045,10800344790862.488,0.02639461650055439,-2.9210569199581697,0.0,1306.8181818181822,0.0,-2.978505129457743
5246.095505617977,1339.0916272982636,0.0021686890653054344,-2.98333763530532,502869175.28089887,8.33169424083521e+16,-3.1889937086919516e-07,-2.979976547131466,2978.6516853932585,618.6159346271712,-0.003299307483150207,-2.9879214883715597,-0.5113636363636364,676.4075413223142,-0.006563106459191123,-2.974690752833173,11170409.550561797,10606825433004.342,0.025445866660709207,-2.927347007985836,0.0,1363.6363636363642,0.0,-2.9794007490636703
5243.8342696629215,1151.9814542900924,0.0021154791534862293,-2.9818342785479515,504025864.60674155,8.327415156470218e+16,1.7938840566143925e-06,-2.97999155226531,2969.6629213483147,603.2941777323795,0.0048829134333957585,-2.9867682785496195,-0.5113636363636364,551.8336776859504,-0.00035202856659798283,-2.984628894478629,11170534.269662922,10798500838783.838,0.026397407519274323,-2.9210460073588385,0.0,1193.1818181818182,0.0,-2.976457998929909
5254.536516853933,1122.1726570480084,-0.0014635971480686423,-2.9825722077172747,499515756.74157304,8.327867670066515e+16,-5.169002826733239e-06,-2.979991153618451,2980.8988764044943,596.9101123595497,-0.005425688014975539,-2.986270301581054,-0.5113636363636364,525.5907799586778,0.0005503235885985505,-2.9839466377966226,11170877.528089888,10799306034830.186,0.0263965746254474,-2.9210547478702753,0.5681818181818182,1391.722623966942,-0.00020602044311155378,-2.9798148668782423
5245.224719101124,1265.8225070224719,0.002481665180650914,-2.982417070288139,506285082.58426964,8.312222420764282e+16,9.253787516980637e-06,-2.980043449800497,2974.1573033707864,631.3840653728289,0.0007536408612394586,-2.988839741895097,-0.7386363636363636,608.8294163223139,0.00487880028641603,-2.9788906418764407,11170745.505617978,10797054919809.12,0.026392430211840373,-2.9210705002583417,0.0,1306.8181818181822,0.0,-2.978505129457743
5251.488764044944,1342.5027132277837,-0.0020277011084472397,-2.9832979806889477,497246976.96629214,8.311876409584376e+16,-1.2988200890578061e-05,-2.980043147335099,2971.9101123595506,622.4463738508688,0.0027831185474676257,-2.9882009199822606,-0.8238636363636364,653.5826123450412,0.0072696317308596405,-2.9732963394020984,11051352.247191012,9598483729256.256,0.02820742330110029,-2.9109786324488134,0.0,1136.3636363636363,0.0,-2.9752808988764046
5243.778089887641,1144.921076991829,0.0022137437502176994,-2.9818427287671816,504041226.96629214,8.327883802019312e+16,1.5966325408766837e-06,-2.9799912884177577,2973.0337078651687,628.1920326864152,0.0017629574037131973,-2.9886136779559944,-0.5255681818181818,548.3565905862602,-0.0004157020711948898,-2.9844520158882855,11170894.382022472,10798253635877.174,0.026391857772049693,-2.9210722320125715,0.5681818181818182,1334.9044421487597,-0.00019700125448091915,-2.978956340513761
5243.693820224719,1159.3007852400406,0.0020934872660942055,-2.9819772202561463,504032239.8876405,8.327358051117544e+16,1.5603892296866889e-06,-2.9799910038235753,2974.7191011235955,632.0224719101122,0.0002510867127918121,-2.9888846806660214,-0.48295454545454547,555.2355049070247,-0.0003067104840963925,-2.984289707643519,11170649.438202247,10799307480368.996,0.026394992618621133,-2.9210570495532653,-0.5681818181818182,1505.3589876033045,0.00022040114687288197,-2.9813376197436128
5246.081460674157,1330.1204194330953,0.0020945401630521917,-2.9832454356056646,502863935.9550562,8.331852748541851e+16,2.092104339397448e-08,-2.9799764650856964,2972.4719101123596,625.6384065372832,0.0022712806441812644,-2.9884311659267926,-0.5113636363636364,672.1461776859503,-0.006579518428349606,-2.974732008967569,11170484.831460673,10609030097579.795,0.02544644905848408,-2.927345796667631,0.0,1250.0000000000002,0.0,-2.9775280898876404
5243.553370786517,1101.0262385086826,0.0017116486037664065,-2.982481625372806,505156364.60674155,8.320592980943291e+16,4.519082246404158e-06,-2.9800147810709237,2975.8426966292136,631.3840653728289,-0.0007536408612394588,-2.988839741895097,-0.5397727272727273,515.6532476756198,0.00022658310361887561,-2.9839828934851136,11170866.29213483,10609392236294.049,0.025447533948500314,-2.9273432986336863,0.0,1193.1818181818182,0.0,-2.976457998929909
5243.455056179775,1113.5306275536261,0.0015677589392141416,-2.9824205635954835,505141809.5505618,8.320747097043016e+16,4.93299229569579e-06,-2.9800153098103856,2975.2808988764045,632.022471910112,-0.00025108671279181307,-2.9888846806660214,-0.5113636363636364,524.0637913223142,0.00022377307630555936,-2.9841203132360654,11170728.089887641,10610047500395.168,0.02544911466399614,-2.927338747106111,0.0,1079.5454545454543,0.0,-2.97397989355411
5243.75,1156.321022727273,0.0020689515059323822,-2.9818867631406687,504021466.85393256,8.327107715644189e+16,1.5151453881891063e-06,-2.9799912421465415,2979.775280898876,609.0398365679272,-0.004348265585760159,-2.9872075318190614,-0.49715909090909094,553.499281701963,-0.000309632430331009,-2.9845003426597407,11170448.314606741,10797760740991.45,0.026393285148793758,-2.9210642886221225,0.0,1363.6363636363642,0.0,-2.9794007490636703
5243.384831460674,1110.3409888917267,0.0016278099449869305,-2.982451743667917,505136293.8202247,8.319975931853051e+16,4.440212136205198e-06,-2.9800146507785596,2978.0898876404494,622.4463738508687,-0.0027831185474676266,-2.9882009199822606,-0.5113636363636364,521.7910640495869,0.000268021170208036,-2.9840458975453257,11170458.426966293,10609735346092.957,0.025447508380847625,-2.9273431527321505,0.0,1250.0000000000002,0.0,-2.9775280898876404
5243.3707865168535,1105.0569777834523,0.0016835324096934527,-2.9824862864256585,505159802.247191,8.32086550003251e+16,4.75320826301563e-06,-2.980015160013279,2976.4044943820227,630.107252298264,-0.0012573400700899874,-2.98874959116923,-0.5113636363636364,520.0865185950413,0.00010273854757480617,-2.9839520120448477,11170949.438202247,10609113133948.543,0.025448024593436914,-2.927341362943039,0.0,1136.3636363636363,0.0,-2.9752808988764046
5254.353932584269,1109.6275695863123,-0.0016485737692143638,-2.9824930924576503,499512482.58426964,8.327685663553144e+16,-4.995294310948098e-06,-2.979990870250496,2975.2808988764045,632.022471910112,-0.0002510867127918133,-2.9888846806660214,-0.49715909090909094,521.7521226110538,0.00044038888628101527,-2.9838513604537233,11170800.0,10799238543409.09,0.026395216953644475,-2.9210583439530518,0.0,965.9090909090907,0.0,-2.970918704560476
5251.544943820225,1343.0760820990802,-0.002146883612971387,-2.9834198971626336,497259692.6966292,8.312550019554304e+16,-1.2479198055793883e-05,-2.980043320266503,2980.3370786516853,603.2941777323795,-0.00488291343339575,-2.9867682785496195,-0.8096590909090909,659.9801055655992,0.007522876338634584,-2.972192051156113,11051743.258426966,9599935610181.31,0.028204105801111986,-2.9109866605832857,-0.5681818181818182,1334.9044421487595,0.0001970012544809193,-2.978956340513761
5251.601123595506,1340.48255554137,-0.0020804899117867377,-2.9834018047610633,497266192.6966292,8.312328703414176e+16,-1.3039417727300685e-05,-2.9800432253346965,2974.7191011235955,632.0224719101121,0.00025108671279181226,-2.9888846806660214,-0.7954545454545454,654.6939566115703,0.00727877718959272,-2.973089916869042,11051652.247191012,9597346332608.53,0.028205687909246317,-2.910983521454941,-0.5681818181818182,1278.0862603305784,0.00018646709847080776,-2.978021539291091
5243.862359550561,1152.9346750510729,0.0020969917786925313,-2.981909949577701,504042042.6966292,8.327809242594666e+16,1.5583555262516124e-06,-2.9799915625689013,2974.1573033707864,631.3840653728289,0.0007536408612394592,-2.988839741895097,-0.5113636363636364,550.626291322314,-0.00038154849602683435,-2.984470103530631,11170860.11235955,10800509496601.129,0.02639553689126653,-2.9210570395374695,0.0,1534.0909090909101,0.0,-2.9816895547232627
5243.539325842697,1099.2981518130744,0.001592735799289711,-2.982466087431303,505137748.8764045,8.320291444589146e+16,4.741895138153428e-06,-2.9800150677764883,2975.2808988764045,632.022471910112,-0.0002510867127918132,-2.9888846806660214,-0.49715909090909094,516.9935998837813,0.00012186593697955662,-2.9841496821737086,11170578.651685392,10608908253232.252,0.025448326786579708,-2.9273410651609115,0.5681818181818182,1107.6317148760334,-0.00014256702814949805,-2.974642209102565
5254.016853932584,1151.3661899897854,-0.0020881668198370488,-2.9819819921291213,498399651.1235955,8.322792339607074e+16,-8.288238625815662e-06,-2.980010734706529,2970.7865168539324,614.1470888661903,0.0038207185885461826,-2.98759107937242,-0.48295454545454547,550.974141270661,0.0010804429303141216,-2.9843121881163124,11171315.730337078,10609139887817.926,0.025445897302397862,-2.9273468688702478,-0.5681818181818182,1221.2680785123962,0.00017413304875647144,-2.976999825846528
5249.564606741573,1412.2550114913186,-0.0005529006507655992,-2.9849046041474434,501764797.19101125,8.332249857915123e+16,-1.9260667233954134e-06,-2.9799750471671413,2975.8426966292136,631.3840653728289,-0.000753640861239459,-2.988839741895097,-0.5113636363636364,728.1475981404959,-0.009346989148280103,-2.9676541122998077,11170450.561797753,10798414402641.727,0.02639449894703897,-2.921061852108718,0.5681818181818182,993.9953512396692,-9.82530537840828e-05,-2.9717460591413944
5246.20786516854,1335.988971527069,0.002282168448121993,-2.983189791340509,502874579.7752809,8.331689025728931e+16,-3.621160336063012e-07,-2.979976250188517,2973.0337078651687,628.1920326864151,0.0017629574037131977,-2.9886136779559944,-0.5113636363636364,675.4842458677689,-0.0066944928765045285,-2.974637790732631,11170484.269662922,10606411636511.107,0.025446682045895907,-2.927345433555929,0.5681818181818182,1391.7226239669412,-0.00020602044311155427,-2.979814866878242
5245.941011235955,1337.3324182839638,0.0021688013885516623,-2.983282443128843,502879206.74157304,8.332160351391693e+16,-4.224401739003039e-07,-2.9799765529796165,2979.775280898876,609.0398365679271,-0.0043482655857601605,-2.9872075318190614,-0.5397727272727273,676.8748385847106,-0.00676078845460191,-2.9742682357213392,11170657.86516854,10609017290107.893,0.02544830333521826,-2.9273405241905426,0.0,1193.1818181818182,0.0,-2.976457998929909
5245.126404494382,1274.184834652707,0.0026920521592727967,-2.9822555026777726,506294676.4044944,8.312136167319227e+16,8.908297231779208e-06,-2.9800431820245357,2970.224719101124,609.0398365679273,0.004348265585760165,-2.9872075318190614,-0.7386363636363636,618.4529958677685,0.0049164657118470415,-2.9783950354353643,11170750.561797753,10798446430369.002,0.02639719145664422,-2.921052390026655,-0.5681818181818182,1334.90444214876,0.00019700125448091917,-2.978956340513761
5243.75,1147.1946022727273,0.0021073600295268605,-2.9819353609263226,504031506.74157304,8.327540381100757e+16,1.56594888663534e-06,-2.979991255127892,2980.3370786516853,603.2941777323795,-0.0048829134333957525,-2.9867682785496195,-0.5397727272727273,548.1461454028924,-0.00041759250435003314,-2.9844584719668372,11170665.168539327,10801379297295.71,0.026395000662564953,-2.9210608533316047,0.0,1193.1818181818182,0.0,-2.976457998929909
5246.26404494382,1335.9195448161393,0.002177080969480469,-2.983270393256748,502881647.752809,8.33224958739616e+16,-5.403332363114501e-08,-2.9799763759931315,2976.9662921348313,628.192032686415,-0.0017629574037131958,-2.9886136779559944,-0.5113636363636364,677.0467458677689,-0.0067932967126885626,-2.974473616625131,11170793.82022472,10608490995557.973,0.02544810718651972,-2.927341335439799,0.0,1193.1818181818182,0.0,-2.976457998929909
5243.483146067416,1116.6360763534228,0.0016872687770459471,-2.9824569510821566,505148907.3033708,8.32084520750366e+16,5.103863498919522e-06,-2.980015017798652,2974.1573033707864,631.3840653728289,0.000753640861239459,-2.988839741895097,-0.48295454545454547,527.5721526342973,-3.109590393503369e-05,-2.9839570192140727,11170869.101123596,10608616741392.367,0.025448547957314903,-2.9273396230443285,0.5681818181818182,1391.7226239669421,-0.00020602044311155383,-2.9798148668782423
5252.612359550561,1275.3423455056186,-0.0023491466796453832,-2.9822552626576466,500628640.4494382,8.330793450752267e+16,-3.6304478114519394e-06,-2.9799815423046465,2975.2808988764045,632.0224719101121,-0.00025108671279181247,-2.9888846806660214,-0.49715909090909094,632.3700203383266,-0.0041588913124833244,-2.979843478789823,11170723.033707865,10608024506650.918,0.025449087485474635,-2.92733842103917,0.0,1250.0000000000002,0.0,-2.9775280898876404
5246.039325842697,1335.661788176711,0.0021557407022355854,-2.9833108405393984,502881549.43820226,8.332376208497458e+16,-2.2533768679943954e-07,-2.9799762618940466,2973.5955056179773,630.107252298264,0.0012573400700899866,-2.98874959116923,-0.5113636363636364,672.856404958678,-0.006499648114381867,-2.9747832343594283,11170880.337078651,10606738112819.205,0.02544757983956765,-2.9273429636090342,0.5681818181818182,1278.0862603305784,-0.00018646709847080747,-2.978021539291091
5243.539325842697,1113.9288336312563,0.001632189655883882,-2.9823973925161678,505142440.4494382,8.320593704112352e+16,4.7521286765705504e-06,-2.980014995844608,2978.0898876404494,622.4463738508686,-0.002783118547467628,-2.9882009199822606,-0.5113636363636364,523.5666322314048,-5.184241747746561e-06,-2.9842502353468734,11170703.932584269,10607679771433.219,0.025446583957246176,-2.9273452662365327,0.0,1363.6363636363642,0.0,-2.9794007490636703
5245.252808988764,1275.610077247191,0.002477051511723275,-2.9823205839386557,506288921.9101124,8.312119764583566e+16,8.777253307494091e-06,-2.9800435268969734,2971.3483146067415,618.6159346271711,0.003299307483150208,-2.9879214883715597,-0.7244318181818181,614.8693746771692,0.00451353517180232,-2.9791760678711587,11170587.078651685,10800242040030.008,0.026395579488556354,-2.9210567313426865,0.0,1363.6363636363642,0.0,-2.9794007490636703
5252.696629213483,1271.1256703268639,-0.0024002836856476598,-2.9823737839020437,500632725.28089887,8.33108918188212e+16,-3.3134306982764572e-06,-2.9799814424201236,2983.7078651685392,555.4136874361602,-0.008303159790480746,-2.9827544124667877,-0.5397727272727273,626.3776794938018,-0.0042263526647515984,-2.979795507085272,11170985.393258426,10610005477511.492,0.025449343964128936,-2.9273378554995912,-0.5681818181818182,1107.6317148760331,0.0001425670281494981,-2.974642209102565
5243.76404494382,1144.40676072523,0.0020420986808629593,-2.981822387525146,504033643.25842696,8.327599238499005e+16,1.422272819520044e-06,-2.9799915004441853,2973.0337078651687,628.1920326864152,0.0017629574037131973,-2.9886136779559944,-0.48295454545454547,548.8789708161155,-0.000439949083379675,-2.984665605925769,11170638.764044944,10798355633110.95,0.026395493414111758,-2.9210550465382865,0.5681818181818182,1164.4498966942147,-0.00015964649765505713,-2.9758784883881244
5245.224719101124,1262.8040411133804,0.002558197308075815,-2.98212184910352,506300888.76404494,8.312428518218925e+16,8.895371548008321e-06,-2.9800433804259585,2976.9662921348313,628.1920326864152,-0.0017629574037131986,-2.9886136779559944,-0.7386363636363636,614.2626549586776,0.00514055217816886,-2.9785166428943777,11170913.483146068,10800932875668.41,0.026396719892379208,-2.921052821414292,-0.5681818181818182,1391.722623966942,0.00020602044311155367,-2.9798148668782423
5248.16011235955,1407.602623850868,0.0008380022609948221,-2.9847559713892973,507290270.78651685,8.3121156939439e+16,-1.0654102253573823e-05,-2.980043600466863,2979.2134831460676,614.1470888661904,-0.003820718588546182,-2.98759107937242,-0.7244318181818181,708.4418178589876,0.009919835408159782,-2.9660602001547507,11170697.191011235,10357716727861.34,0.025456098285917345,-2.92698956612187,0.0,1363.6363636363642,0.0,-2.9794007490636703
5254.466292134832,1125.7417485955054,-0.0014706744370843556,-2.9825345114391997,499511423.03370786,8.327842166215128e+16,-5.2979083412766615e-06,-2.9799914939903944,2978.6516853932585,618.6159346271711,-0.003299307483150207,-2.9879214883715597,-0.5397727272727273,526.2001226756198,0.0003563162339312833,-2.983980873437216,11170780.898876404,10799888974801.455,0.02639587838130315,-2.9210552937073038,0.0,1250.0000000000002,0.0,-2.9775280898876404
5243.679775280899,1141.7031090398364,0.0020997130073105177,-2.9818051619568324,504023185.9550562,8.327319444270598e+16,1.8810933107162023e-06,-2.9799912426237753,2970.224719101124,609.0398365679272,0.004348265585760161,-2.9872075318190614,-0.5113636363636364,546.7200413223142,-0.00029774250434688086,-2.984669704861723,11170576.966292135,10800609987616.828,0.02639619706054963,-2.9210562449610906,-0.5681818181818182,1278.0862603305775,0.00018646709847080787,-2.978021539291091
5243.314606741573,1116.9425114913176,0.0016976852201351699,-2.982499064161082,505154507.8651685,8.320803159312837e+16,4.706764379273629e-06,-2.980015133753032,2973.0337078651687,628.1920326864154,0.001762957403713198,-2.9886136779559944,-0.5113636363636364,525.1646435950412,0.00016795342255421428,-2.9839258471871317,11170884.831460673,10609527631784.348,0.025448048873092217,-2.9273407684090955,0.0,1477.2727272727282,0.0,-2.9809853068280034
5249.592696629214,1415.7590653728291,-0.00046631250358757944,-2.9849149311591403,501786734.83146065,8.333065617990589e+16,-2.046315896660799e-06,-2.9799746903904905,2975.8426966292136,631.3840653728289,-0.0007536408612394588,-2.988839741895097,-0.5113636363636364,727.0112345041322,-0.009163056734817784,-2.96800274379804,11171011.235955056,10798537934531.408,0.026393204268994153,-2.9210677908886447,0.0,1306.8181818181822,0.0,-2.978505129457743
5245.2808988764045,1267.6403696373854,0.002501393127255765,-2.9823429441957545,506283160.6741573,8.311861772184771e+16,9.122241036973364e-06,-2.980043072508888,2975.8426966292136,631.3840653728289,-0.0007536408612394586,-2.988839741895097,-0.7102272727272727,611.5339294938012,0.004581468686298062,-2.979204937698573,11170660.11235955,10799546508930.674,0.026393097736933678,-2.921066871561108,0.0,1193.1818181818182,0.0,-2.976457998929909
5243.806179775281,1150.0323193309496,0.0021879658824691854,-2.981913669613174,504035079.21348315,8.327779620852517e+16,1.728558898614209e-06,-2.9799913770333024,2980.3370786516853,603.2941777323795,-0.00488291343339575,-2.9867682785496195,-0.5255681818181818,549.1733519498968,-0.0004102790598905826,-2.984305121993987,11170762.359550562,10799232923538.69,0.026393204262630175,-2.9210632603762403,0.0,1193.1818181818182,0.0,-2.976457998929909
5249.396067415731,1399.2582514044948,-0.0004563567369360929,-2.985046337522531,501774155.05617976,8.332780444954171e+16,-1.8350581386609296e-06,-2.979974680481456,2977.5280898876404,625.6384065372832,-0.0022712806441812657,-2.9884311659267926,-0.5255681818181818,724.3509087680784,-0.009616214592053057,-2.966814018439883,11170865.730337078,10798454545772.467,0.0263967592645483,-2.9210494374906673,0.5681818181818182,1278.0862603305784,-0.00018646709847080765,-2.978021539291091
5248.16011235955,1395.883873850868,0.000826149139907515,-2.9847002569441954,507297780.8988764,8.312450031191787e+16,-1.0078459967696768e-05,-2.980043621133324,2973.0337078651687,628.1920326864151,0.0017629574037131977,-2.9886136779559944,-0.7244318181818181,698.1435224044421,0.009593668507635563,-2.9668406635546813,11170910.11235955,10358583663987.49,0.025457160075671142,-2.9269875593492594,0.0,1193.1818181818182,0.0,-2.976457998929909
5243.70786516854,1147.6722101634318,0.002098305007894841,-2.9818778283542438,504041792.1348315,8.327777829356322e+16,1.435940605822953e-06,-2.979991377098938,2972.4719101123596,625.6384065372835,0.002271280644181265,-2.9884311659267926,-0.5397727272727273,547.0808044938015,-0.0004067636206982058,-2.9846032341276256,11170809.550561797,10799723055674.793,0.026395375612107523,-2.9210598565283297,-0.5681818181818182,1164.4498966942147,0.0001596464976550569,-2.9758784883881244
5246.376404494382,1342.4376755617975,0.002325431001929194,-2.9832265195152754,502887528.6516854,8.332312534310235e+16,-4.497452396716568e-07,-2.9799763874573846,2971.3483146067415,618.6159346271711,0.0032993074831502087,-2.9879214883715597,-0.49715909090909094,681.8018385201448,-0.006872655018744902,-2.9743514228808126,11170837.640449438,10609374627402.322,0.025447408878502966,-2.927343282175301,-0.5681818181818182,1164.4498966942149,0.00015964649765505684,-2.9758784883881244
5243.876404494382,1146.9121073799804,0.002041513836027672,-2.9818231274193994,504031391.5730337,8.32779961947696e+16,2.022373245303196e-06,-2.979991302261663,2974.7191011235955,632.0224719101122,0.0002510867127918125,-2.9888846806660214,-0.49715909090909094,549.6640544292358,-0.0002672429516055479,-2.9846984051424377,11170844.943820225,10800032325513.926,0.026395792380569737,-2.9210516750046756,0.0,1250.0000000000002,0.0,-2.9775280898876404
5248.019662921349,1406.917932839632,0.000737029027898473,-2.9847931547138162,507296171.9101124,8.312372618057163e+16,-1.050207694428922e-05,-2.980043669955393,2979.2134831460676,614.1470888661904,-0.003820718588546182,-2.98759107937242,-0.7244318181818181,705.8849996771693,0.00972272702318795,-2.966265146907128,11170860.674157303,10358854692697.268,0.02545557848590047,-2.9269928163838896,0.0,1306.8181818181822,0.0,-2.978505129457743
5246.179775280899,1353.4218590398368,0.002287070300818864,-2.983263883747603,502898434.83146065,8.332529049560982e+16,-4.101815422930594e-07,-2.9799765328204537,2977.5280898876404,625.6384065372832,-0.002271280644181263,-2.9884311659267926,-0.49715909090909094,688.158372611054,-0.0068289407679065885,-2.9743316134187268,11170925.280898876,10607632601143.389,0.025448407053075058,-2.927340565954968,0.0,1193.1818181818182,0.0,-2.976457998929909
5243.73595505618,1130.166703907049,0.002125567061764146,-2.981908170704283,504036902.80898875,8.327904814643366e+16,1.748864394810935e-06,-2.9799918807249757,2977.5280898876404,625.6384065372833,-0.002271280644181262,-2.9884311659267926,-0.5113636363636364,540.8606663223142,-0.0004019803442417601,-2.984386300537301,11170758.988764046,10798041621509.188,0.026395082854409176,-2.9210549221332673,0.0,1306.8181818181822,0.0,-2.978505129457743
5249.7191011235955,1416.1133810010215,-0.0004578033549079318,-2.984907618840316,501778953.9325843,8.333034939120506e+16,-1.7031554469628463e-06,-2.979974780784014,2972.4719101123596,625.6384065372832,0.002271280644181265,-2.9884311659267926,-0.48295454545454547,732.3306753615701,-0.00945141460456519,-2.9675885983363757,11170942.13483146,10798225734482.889,0.026395879530228882,-2.9210516052211295,0.5681818181818182,1334.9044421487597,-0.00019700125448091904,-2.978956340513761
5254.36797752809,1119.8197299540345,-0.001341263363529076,-2.9825556397686186,499515692.1348315,8.32753553922938e+16,-5.250152464932251e-06,-2.9799909859261087,2973.0337078651687,628.1920326864154,0.001762957403713196,-2.9886136779559944,-0.49715909090909094,525.3387703383266,0.00038433772387281857,-2.9840247578193666,11170787.078651685,10799354228950.457,0.026397514369423156,-2.92104699468255,0.0,1079.5454545454543,0.0,-2.97397989355411
5251.643258426966,1341.818022216547,-0.0019964668167252904,-2.9833456592525156,497248912.35955054,8.312232174190466e+16,-1.2008820140904907e-05,-2.980043113324812,2975.8426966292136,631.3840653728288,-0.0007536408612394595,-2.988839741895097,-0.8096590909090909,653.4815260201451,0.007223664465145494,-2.9734563765933273,11051580.337078651,9598125728785.11,0.02820760687534602,-2.9109787716553703,0.0,1193.1818181818182,0.0,-2.976457998929909
5254.002808988764,1160.6953045199182,-0.0020271326517076267,-2.98200628297333,498373288.2022472,8.321921082364915e+16,-8.005271715819505e-06,-2.9800106687609205,2978.6516853932585,618.6159346271711,-0.0032993074831502087,-2.9879214883715597,-0.5397727272727273,551.1646113119834,0.0008214670428355232,-2.9844685266700375,11170838.202247191,10609014440455.822,0.025448956675755034,-2.927338866317101,0.0,1193.1818181818182,0.0,-2.976457998929909
5251.460674157303,1342.7995722676196,-0.0020620944085385207,-2.9833240517116195,497248471.9101124,8.312244938372323e+16,-1.2779163520473608e-05,-2.9800433742628325,2976.9662921348313,628.1920326864155,-0.0017629574037131969,-2.9886136779559944,-0.7954545454545454,655.6172520661157,0.007123429162364652,-2.9732639615179033,11051504.494382022,9597841782990.936,0.028205099959355884,-2.9109929701922415,0.5681818181818182,1164.4498966942149,-0.0001596464976550568,-2.9758784883881244
5248.061797752809,1392.2944330949945,0.0007183097518733732,-2.9847520953537394,507300961.7977528,8.312037292617512e+16,-1.1110655501712133e-05,-2.980043315013274,2976.9662921348313,628.1920326864151,-0.0017629574037131993,-2.9886136779559944,-0.7102272727272727,694.9146113119834,0.009311754119763042,-2.9673251977929587,11170708.988764046,10358874958952.377,0.025458953029185966,-2.9269830621944477,0.0,1420.4545454545462,0.0,-2.9802247191011237
5243.3707865168535,1118.8353868743611,0.0015891070366694307,-2.982563883251487,505144176.96629214,8.320329237705786e+16,4.640903822211656e-06,-2.980014821246857,2975.8426966292136,631.3840653728289,-0.000753640861239459,-2.988839741895097,-0.5113636363636364,525.0581095041322,-2.715212976777507e-05,-2.9839808151716594,11170639.88764045,10606917162282.938,0.025447954354532686,-2.927340885918109,0.5681818181818182,1221.268078512396,-0.0001741330487564715,-2.976999825846528
5243.890449438202,1149.6959588866184,0.0020910042111102903,-2.98184134884823,504029166.85393256,8.327441180929482e+16,1.2633936814501776e-06,-2.9799916265895354,2978.0898876404494,622.4463738508684,-0.002783118547467628,-2.9882009199822606,-0.49715909090909094,551.2265544292358,-0.0003566916639183809,-2.9845366194518066,11170566.29213483,10798790632657.691,0.026393371915862496,-2.921065333643476,0.0,1136.3636363636363,0.0,-2.9752808988764046
5252.766853932584,1275.3008490806942,-0.002375144303693908,-2.9822498609366237,500624682.0224719,8.330565762114222e+16,-3.778064197812585e-06,-2.9799812023416843,2974.1573033707864,631.3840653728289,0.0007536408612394593,-2.988839741895097,-0.5397727272727273,631.3847817665286,-0.004246262399895742,-2.979716580129258,11170694.382022472,10611533100593.076,0.025446442118600483,-2.9273457199468833,0.0,1363.6363636363642,0.0,-2.9794007490636703
5245.210674157303,1278.9856518130753,0.0025573854845387894,-2.9822860880710116,506286439.8876405,8.31206637344171e+16,8.880630355265384e-06,-2.980043334066334,2978.0898876404494,622.4463738508687,-0.0027831185474676253,-2.9882009199822606,-0.7528409090909091,619.1597930655995,0.005001565874193281,-2.978636232062364,11170710.674157303,10798418554572.27,0.026393617143537575,-2.921061762529771,0.0,1193.1818181818182,0.0,-2.976457998929909
5248.11797752809,1401.9575140449433,0.0008060020783662271,-2.9847466205936266,507283934.2696629,8.311454568671755e+16,-1.1143032195270204e-05,-2.9800435798349665,2973.5955056179773,630.1072522982643,0.001257340070089983,-2.98874959116923,-0.7386363636363636,703.8223140495866,0.009767307972144618,-2.966199909784746,11170288.764044944,10357149288395.045,0.02545836601073843,-2.9269845481990524,-0.5681818181818182,1391.7226239669412,0.00020602044311155427,-2.979814866878242
5243.426966292135,1111.986082737488,0.0016824829524160804,-2.98252576666926,505151226.4044944,8.320707810350395e+16,5.101658022757238e-06,-2.980014716919598,2973.0337078651687,628.1920326864151,0.001762957403713195,-2.9886136779559944,-0.5255681818181818,521.8296019498969,0.0001687483427834369,-2.983880811427855,11170930.898876404,10608050806903.732,0.025447188264194606,-2.9273436356609728,-0.5681818181818182,1278.086260330578,0.00018646709847080787,-2.978021539291091
5243.581460674157,1114.033771705823,0.0016695638925146694,-2.98233698509597,505155586.5168539,8.320946521560715e+16,5.149643294926415e-06,-2.9800148128560737,2966.2921348314608,555.4136874361604,0.008303159790480744,-2.9827544124667877,-0.49715909090909094,525.9424635201449,0.00011557175837494937,-2.9842056333412432,11171029.213483145,10609502566182.328,0.02544743030824716,-2.9273428891257858,0.0,1079.5454545454543,0.0,-2.97397989355411
5254.438202247191,1116.5131830949945,-0.0014342232410629995,-2.982629332101362,499512103.9325843,8.327698925627882e+16,-5.13307403997612e-06,-2.979991061958099,2969.6629213483147,603.2941777323795,0.004882913433395757,-2.9867682785496195,-0.5397727272727273,521.0864863119834,0.00029928549564495254,-2.983795742156472,11170753.370786516,10801529546068.059,0.026395380009390228,-2.921058830338308,0.0,1079.5454545454543,0.0,-2.97397989355411
5253.960674157303,1149.9728677221651,-0.0019972610373195604,-2.982037579080568,498367472.4719101,8.32198819440192e+16,-7.976418132529693e-06,-2.9800106495332233,2973.5955056179773,630.107252298264,0.0012573400700899868,-2.98874959116923,-0.5113636363636364,547.0751549586779,0.0009695300432807901,-2.9843267710168373,11170796.067415731,10608315915694.584,0.025449145092480696,-2.9273376424574673,0.5681818181818182,1164.449896694215,-0.0001596464976550568,-2.9758784883881244
5247.949438202248,1395.6053689989792,0.000856839452472624,-2.9847334304510227,507297938.76404494,8.311899971079912e+16,-1.102325059077856e-05,-2.9800433347703765,2972.4719101123596,625.6384065372835,0.002271280644181262,-2.9884311659267926,-0.7244318181818181,703.2571587680786,0.009864974477153786,-2.9659147868783693,11170701.685393259,10357037014855.084,0.025456198740970475,-2.9269893725723524,0.0,1136.3636363636363,0.0,-2.9752808988764046
5254.016853932584,1163.1914740806947,-0.0019749026369253677,-2.9819163513547315,498364648.3146067,8.321747838954435e+16,-7.902258018759729e-06,-2.9800107660758255,2974.1573033707864,631.3840653728289,0.0007536408612394588,-2.988839741895097,-0.5255681818181818,555.5653974044419,0.0009403641155967996,-2.984428487907147,11170635.393258426,10607432402738.764,0.025448244029169488,-2.9273406659928547,0.0,1193.1818181818182,0.0,-2.976457998929909
5254.564606741573,1116.6939319458622,-0.001578939468583438,-2.9824902144326138,499521401.1235955,8.327885610208282e+16,-5.73312551055516e-06,-2.979991202169684,2976.4044943820227,630.107252298264,-0.001257340070089988,-2.98874959116923,-0.49715909090909094,523.6697362474174,0.0002948176080411404,-2.984121390020631,11170829.775280898,10800091732540.857,0.026393777625707923,-2.9210665961689974,0.0,1306.8181818181822,0.0,-2.978505129457743
5254.41011235955,1109.7688170326867,-0.0014864626098320406,-2.9826344869995896,499512076.4044944,8.327824778301651e+16,-5.047340603959303e-06,-2.9799912550538523,2973.0337078651687,628.1920326864148,0.0017629574037131984,-2.9886136779559944,-0.5397727272727273,517.7129067665288,0.0004336793387346214,-2.9837052658706287,11170806.17977528,10800003823001.152,0.026393723974697046,-2.921066291049456,0.0,1306.8181818181822,0.0,-2.978505129457743
5249.747191011236,1408.7776908835551,-0.0003833007914650833,-2.9849511513437768,501785385.9550562,8.332882796418323e+16,-2.156724969244473e-06,-2.979974673244883,2978.6516853932585,618.6159346271711,-0.003299307483150208,-2.9879214883715597,-0.5397727272727273,725.8805204028928,-0.009525904422317962,-2.96720072229087,11170950.561797753,10800722811789.45,0.026398485227926507,-2.9210406568738745,-0.5681818181818182,1050.8135330578516,0.0001223389236615922,-2.973272360260032
5246.1657303370785,1327.3365679264555,0.0021659407740497747,-2.9833026212630265,502891017.9775281,8.332480907579995e+16,-3.6820758084698154e-07,-2.9799765074518754,2976.9662921348313,628.1920326864149,-0.001762957403713198,-2.9886136779559944,-0.5113636363636364,671.4714617768597,-0.006638434820361803,-2.974613472251229,11170855.617977528,10607472585422.629,0.02544758842747852,-2.9273422684940593,0.0,1477.2727272727282,0.0,-2.9809853068280034
5246.25,1352.379261363637,0.0022014044884079817,-2.983287132740234,502877245.505618,8.332109042517709e+16,-1.1510715928920132e-07,-2.9799763074805092,2974.7191011235955,632.0224719101122,0.0002510867127918122,-2.9888846806660214,-0.5113636363636364,687.7356663223143,-0.00685977305663926,-2.9742106273955655,11170645.505617978,10609763822990.932,0.0254466624139246,-2.927345022358429,0.5681818181818182,1448.540805785123,-0.00021375684958604285,-2.980606087888481
5253.862359550561,1154.4971750510733,-0.0020912870142957094,-2.981890205520912,498372851.1235955,8.322002066618618e+16,-7.905805217481559e-06,-2.980010535264744,2976.4044943820227,630.1072522982638,-0.0012573400700899885,-2.98874959116923,-0.5255681818181818,550.5227837680787,0.0010909618729303253,-2.9844659489915797,11170891.011235954,10607243468327.371,0.025446996473013007,-2.9273439363185285,-0.5681818181818182,1334.9044421487597,0.00019700125448091934,-2.978956340513761
5243.637640449439,1150.4133682328911,0.002122589982348331,-2.9819398017360497,504026671.9101124,8.327379523198832e+16,1.9633383680497257e-06,-2.979991127099422,2978.0898876404494,622.4463738508686,-0.0027831185474676266,-2.9882009199822606,-0.5113636363636364,549.454416322314,-0.00041396266966252013,-2.9844606191743983,11170661.797752809,10797764398296.734,0.026396111801791133,-2.921053996034815,0.0,1193.1818181818182,0.0,-2.976457998929909
5253.918539325843,1157.9258171603683,-0.001906395260916975,-2.9820159377423208,498388307.8651685,8.322358607734378e+16,-8.406017033668528e-06,-2.9800107165479415,2975.2808988764045,632.022471910112,-0.00025108671279181345,-2.9888846806660214,-0.48295454545454547,552.64317536157,0.000885423834743621,-2.984452288720136,11171019.101123596,10606425725255.998,0.025447009008876538,-2.9273445529944015,0.0,1193.1818181818182,0.0,-2.976457998929909
5249.606741573034,1418.4160335801835,-0.00047226565288726485,-2.9848145770486285,501765566.2921348,8.332299020841547e+16,-1.775645839626826e-06,-2.9799747594629546,2976.9662921348313,628.1920326864151,-0.0017629574037131962,-2.9886136779559944,-0.5113636363636364,725.8748708677685,-0.008998441508512284,-2.9685345986457907,11170546.629213484,10799974205840.78,0.02639425359852588,-2.921060289676749,0.5681818181818182,1278.086260330578,-0.00018646709847080798,-2.978021539291091
5247.935393258427,1396.594500127682,0.0008771373368563067,-2.9847681438130453,507300929.7752809,8.312205964341696e+16,-1.123972229317107e-05,-2.9800434225177006,2973.5955056179773,630.107252298264,0.0012573400700899874,-2.98874959116923,-0.7244318181818181,703.3281814953509,0.009931598058560386,-2.965874439285328,11170762.359550562,10359443289220.506,0.02545684614938609,-2.926987255677894,0.5681818181818182,1334.90444214876,-0.00019700125448091934,-2.978956340513761
5251.741573033708,1341.996377042901,-0.0019831991251225913,-2.983348090613528,497244516.2921348,8.31226649407812e+16,-1.2389856476170211e-05,-2.980043420023379,2971.9101123595506,622.4463738508686,0.0027831185474676266,-2.9882009199822606,-0.7670454545454546,657.1531185433882,0.007273790822240518,-2.9731945165189,11051457.303370787,9598003649065.37,0.028204458653644765,-2.9109916787789585,0.0,1250.0000000000002,0.0,-2.9775280898876404
5254.508426966292,1101.690979315628,-0.0015226004951030545,-2.9825426337669483,499507696.0674157,8.327612755587882e+16,-5.240020058941799e-06,-2.979991354461566,2974.7191011235955,632.0224719101121,0.0002510867127918121,-2.9888846806660214,-0.5255681818181818,515.3310224044423,0.00026046621223735085,-2.983939478312031,11170623.595505618,10798594359209.656,0.026393636145181972,-2.9210620201216684,0.5681818181818182,1334.90444214876,-0.00019700125448091906,-2.978956340513761
5249.5224719101125,1413.512273365679,-0.000517510882627921,-2.9849270440533493,501771410.1123595,8.332691479068139e+16,-1.6400685807144794e-06,-2.9799748357989793,2976.9662921348313,628.1920326864154,-0.0017629574037131975,-2.9886136779559944,-0.48295454545454547,732.6502776342977,-0.009537848331577704,-2.967153638303008,11170769.101123596,10799194776335.543,0.0263943984741363,-2.9210632220827453,0.0,1136.3636363636363,0.0,-2.9752808988764046
