9999.897727272728,1898.0997621564488,0.001960321930283797,-2.9544866125088345,26278119.318181816,222867264178629.72,-9.275309049321398e-07,-2.959931231919316,1261.3636363636363,15798.09725158562,0.003933270706100355,-2.9558692643486584,0.7325581395348837,4394.131963223363,-0.0030420642246071147,-2.9555157152647054,1162625.0,104026213546.51163,0.05388278344480351,-2.8483343238199113,-6.976744186046512,31346.67387777177,-0.0024545011063876535,-2.9542860911430315
10005.795454545454,2467.108350951375,-0.002161380407665733,-2.959606642887908,26045004.545454547,223481520255792.9,-1.0922667045407965e-05,-2.959792444246142,1247.7272727272727,22087.7378435518,0.0024515721035173283,-2.963345311728121,0.8372093023255814,4931.822336398054,0.005229270633779272,-2.9519151893893683,1162696.5909090908,113697828650.89851,0.05386007671100427,-2.8484256046229786,8.13953488372093,54294.21308815577,-0.0026281388164970726,-2.9550882653198083
9995.5,2062.151162790697,0.0028351751178320177,-2.9597726141154563,26164886.363636363,223348123534693.44,-1.0391138833988708e-05,-2.9598278329453045,1245.4545454545455,18699.78858350951,0.00619435647493462,-2.9572887624028206,2.616279069767442,4059.6376419686317,-0.009165058869152296,-2.9460382244694197,1162750.0,108829518488.37207,0.053843428147445735,-2.8484544221320984,4.651162790697675,41257.43645213628,-0.002050341935082153,-2.9417525154969093
10002.522727272728,2789.2436575052852,-0.0018896977625526329,-2.9634715334738946,26601160.227272727,221267763319834.88,-8.626863409498458e-05,-2.9603545748063795,1268.1818181818182,17568.710359408033,0.005340367450214489,-2.9564875446937195,3.104651162790698,4801.541373715521,0.0020487079834362494,-2.9476004350488747,1162685.2272727273,109556326811.57503,0.05437198977424621,-2.8465723248023918,2.3255813953488373,29529.475392103832,-0.005505761110364582,-2.9497513258261883
9999.522727272728,1967.8366807610996,-0.0019952165466739966,-2.9568686119579377,26164295.454545453,223359996997885.84,-9.398794852103992e-06,-2.9598287674251,1267.0454545454545,20225.95137420719,-0.004560002218086285,-2.959329998913221,1.3255813953488371,3532.7312060573267,0.012411120453080807,-2.941442781113598,1162765.9090909092,108882914043.34038,0.05383676484980062,-2.848472057158204,0.0,37674.41860465115,0.0010299683841564875,-2.942271869933907
10006.545454545454,2338.753699788583,-0.0050399993770196844,-2.9647785065187326,26600792.045454547,221271168843365.53,-8.534755923334607e-05,-2.9603550695898813,1260.2272727272727,22044.133192389,0.006256791651005269,-2.963480893893027,-0.8372093023255814,4751.717685235263,0.0013350646455800544,-2.948980074387247,1162694.3181818181,109518860955.33824,0.05437192088088332,-2.8465754718324425,0.0,43488.37209302326,0.003584216685615629,-2.948179588934615
10015.136363636364,1287.6088794926004,-0.012931237691167724,-2.9336903519707165,26600271.59090909,221236344816790.4,-8.705005720266844e-05,-2.960353644758677,1257.9545454545455,22667.811839323458,0.0031504360526914896,-2.9608078572947467,2.546511627906977,2896.695511087074,-0.009028606911097393,-2.9389233521465283,1162620.4545454546,109487072827.69557,0.0543731292170934,-2.8465681625425905,-5.813953488372093,46535.965386695505,0.004687687047081564,-2.950212196267124
10003.40909090909,2466.8752642706127,-0.0056175629234845184,-2.9611855661101862,26277079.545454547,222866316361316.06,1.6631385587471325e-06,-2.959931006360106,1273.8636363636363,23196.353065539115,0.0010650741104009545,-2.9664505750392913,2.162790697674419,5002.671173607356,-0.006918809642680787,-2.9519549318461875,1162609.0909090908,104094309799.15433,0.05388177883497963,-2.8483370127964207,-6.976744186046512,50765.27852893455,0.0018346612774034089,-2.954652897328198
9991.306818181818,2153.3629756871037,0.006409603542513884,-2.95979356193139,25806279.545454547,222934453325502.12,-2.087333359248313e-05,-2.9599273599047384,1248.8636363636363,19707.980972515856,0.008121727333396677,-2.958794362798983,-0.313953488372093,3419.011898323417,0.001493817308531704,-2.9240226167523033,1162719.3181818181,123525409327.43129,0.054039665299534065,-2.847956198798217,8.13953488372093,36387.23634396972,-0.00044582694576676067,-2.94028613260878
10006.136363636364,1776.8530655391123,-0.002021132609246594,-2.9559012145476764,26396515.90909091,222206449588927.06,2.224108472136164e-05,-2.960105104522976,1256.8181818181818,24603.59408033828,0.0026837998067308,-2.964620211944,-2.0930232558139537,3225.8866955110866,-0.0046766339770283275,-2.942371308282435,1162694.3181818181,99322883629.75685,0.053998307876340676,-2.848020308075877,-1.1627906976744187,53428.88047593295,-0.0005610962093217421,-2.956375741739102
9987.693181818182,2375.432743128964,0.0027576242670856615,-2.9644907109896677,26512067.045454547,221265879247319.0,6.715545840343524e-05,-2.9603548379338185,1252.2727272727273,28715.644820295987,0.0037560664157257517,-2.968105125999753,-2.4767441860465116,5218.418063818281,0.0006669407878097752,-2.9559966644723157,1162756.8181818181,94541376464.0592,0.054186107651830025,-2.8475349391054006,-1.1627906976744187,42731.20605732829,-0.002226804550503591,-2.9388499095000507
10003.545454545454,2331.7420718816065,0.0033846964542999253,-2.9619773249781507,25558573.863636363,221135967189475.47,-9.246593774069897e-05,-2.960382080882264,1237.5,16409.883720930233,0.009911922300140326,-2.95374798847105,0.9069767441860465,4147.654137371551,-0.010912559783296695,-2.937600377622302,1138054.5454545454,109389366257.9281,0.06342174004550442,-2.7996202268113595,-1.1627906976744187,25754.461871281776,0.0012453186228748871,-2.951746997022375
9991.681818181818,1615.0243128964057,0.007380000806106247,-2.9458988615513237,25805170.454545453,222905984247013.72,-2.1021277716712827e-05,-2.9599260709884074,1255.6818181818182,25257.66384778012,0.002877558792960458,-2.9659597142142746,-2.058139534883721,4100.234991887507,-0.00633797405807575,-2.9413433451635536,1162680.6818181819,123534127815.8034,0.054044972910515104,-2.847941737782029,4.651162790697675,54862.08761492698,0.0063476984314948404,-2.9511737605881563
9996.21590909091,1812.2953224101475,0.0004098736300759256,-2.9585630001105208,26164292.045454547,223336707005109.72,-8.33973570043445e-06,-2.959828388313895,1256.8181818181818,23091.96617336153,0.0034907508882191032,-2.9641651184127746,0.27906976744186046,2903.5732828555983,0.0061398866714850635,-2.9425759600548917,1162750.0,108819894534.8837,0.053843346041295634,-2.8484543296893965,-9.30232558139535,50959.9783666847,-0.0026102727685340245,-2.946149913626399
9994.40909090909,1915.4682875264268,-0.003027836596310021,-2.963276333845601,25683518.181818184,222216243652801.25,-4.3027059417773e-05,-2.960109348245345,1289.7727272727273,22392.970401691324,-0.003909228808791822,-2.9568635120557034,2.162790697674419,3830.473499188751,0.002626062986921412,-2.9440198368316404,1162729.5454545454,128453364106.76527,0.054190413237171164,-2.847538766118308,-2.3255813953488373,40343.42888047591,0.003903999135694446,-2.9368585776301606
10003.886363636364,2383.9867864693447,0.0015036204148690105,-2.9650078412427923,26163778.40909091,223324300351674.12,-7.905627821599014e-06,-2.9598271347394896,1246.590909090909,16557.87526427061,0.003016129618514603,-2.952532111361751,0.627906976744186,5398.873174689022,-0.0005197519068013173,-2.954332456180152,1162735.2272727273,108841480299.94713,0.053842223169885975,-2.848457675310116,0.0,39186.046511627916,-0.004139310220056347,-2.945396330944984
9998.943181818182,1622.7815803382668,-0.0017979430319476353,-2.9532384177717206,26601107.954545453,221268088778365.5,-8.612875189125936e-05,-2.9603550667990755,1205.6818181818182,20839.05919661734,0.013369203488120499,-2.95038441561431,0.5232558139534884,3015.6157382368856,0.006976134368913098,-2.943089612535034,1162697.7272727273,109439825227.27274,0.054367687804544346,-2.8465981164969505,-5.813953488372093,39559.22120064899,0.002606580109805785,-2.9446481492155523
9998.193181818182,2174.5025105708246,0.00285091465217896,-2.962076142406597,26163262.5,223347727533851.78,-6.756182853434938e-06,-2.9598293826224205,1234.090909090909,17299.154334038052,0.004223081998843718,-2.9591365364108073,-0.6976744186046512,3981.908599242835,0.0063912792929942406,-2.9462943979145204,1162747.7272727273,108835114064.48206,0.05384305481059949,-2.8484550592514837,-6.976744186046512,35300.1622498648,0.0019352961204134498,-2.95085759646153
10003.34090909091,2336.218287526427,-0.0034208417234949553,-2.961281884937912,26603201.136363637,221278243031219.62,-8.585794797985906e-05,-2.9603542971294825,1225.0,24360.46511627906,0.008340685664243862,-2.962777733043837,-2.337209302325581,5209.566522444566,0.0015162000171019911,-2.94566819547966,1162768.1818181819,109485412336.15219,0.054370368533804024,-2.846580480860837,-5.813953488372093,48745.267712276895,-0.005233167108376559,-2.950698163738665
10002.28409090909,1803.190671247357,-0.001115862890144299,-2.9583454790436736,26396373.863636363,222243626621452.25,2.3936008566803977e-05,-2.960106224758327,1239.7727272727273,23788.319238900636,0.004906054422106245,-2.964045735308838,-0.3488372093023256,3449.180638182801,-0.004943216879609618,-2.9421720996714016,1162753.4090909092,99310367371.82875,0.053989812578740144,-2.848042774742067,-8.13953488372093,31736.073553272043,0.001633309421955436,-2.923569302169892
10008.761363636364,1920.656844608879,-0.006581523532294482,-2.9520830240598057,26510220.454545453,221254614680502.1,6.766959771014623e-05,-2.960357187139485,1248.8636363636363,21917.28329809725,0.004901073625625207,-2.9637613114460795,-1.1511627906976745,4191.575987020011,-9.635358649762106e-05,-2.9467474373169806,1162675.0,94633359127.90695,0.05418855701524924,-2.847528133726308,1.1627906976744187,35289.345592212005,0.006883081329893938,-2.9364946904638938
9989.738636363636,2166.6917283298094,0.009317075464880743,-2.960080014661311,26043469.318181816,223457667867467.0,-1.0883232625251966e-05,-2.9597929338692395,1276.1363636363637,22149.84143763214,0.0005065272464218834,-2.9627504406307277,-0.5581395348837209,4086.734991887508,-0.002867218592136851,-2.9507552753413604,1162638.6363636365,113795405681.81819,0.05386019723300428,-2.84842559413097,-5.813953488372093,38628.98864250946,0.007195171651988974,-2.9521567679793606
9995.875,2342.8386627906966,-0.00048437560091974305,-2.963070563346782,26281218.181818184,222917208165010.56,5.497134145747433e-07,-2.9599311287898984,1205.6818181818182,16885.57082452431,0.007826410497544189,-2.9605810145740157,-2.511627906976744,4848.7731206057315,0.006750910094517702,-2.9497384626217595,1162754.5454545454,104058497304.43977,0.053883527491124406,-2.8483326598781122,2.3255813953488373,27785.28934559221,-0.00023806599119397033,-2.9413841886282506
10005.931818181818,1992.2394291754756,-0.00040742942634293904,-2.956020225910049,26279484.09090909,222887593802648.0,9.884455707436158e-07,-2.959930044990705,1303.409090909091,17953.224101479915,-0.0024766766769852427,-2.9576828201843863,1.255813953488372,3630.969442942132,-0.0002976650241756883,-2.9286632965910453,1162694.3181818181,104069690257.66383,0.05388173180519447,-2.8483372735972106,0.0,34186.04651162791,0.003386574020156536,-2.946034953870231
9989.125,1995.7107558139537,0.0018723772247055599,-2.956550586598188,26600005.681818184,221245230334792.5,-8.569529747313731e-05,-2.9603546122039854,1211.3636363636363,17309.72515856236,0.012488614851907335,-2.9477827471091715,-2.7906976744186047,3074.8166576527838,-0.00013676892828154408,-2.9405780716273378,1162644.3181818181,109466438746.03598,0.05437107091658176,-2.846578416654532,-1.1627906976744187,35405.62466197944,0.0035650369049589972,-2.9469889972776744
9986.5,1921.2906976744177,-0.0023055550626493206,-2.96541231453206,25561428.40909091,221186456243418.38,-9.43683086981964e-05,-2.9603814507976707,1240.909090909091,21194.50317124735,0.0064044410576552845,-2.9572362854842242,-0.4883720930232558,3944.6917252568965,-0.004454949938083248,-2.9533935070685264,1138179.5454545454,109435366432.34676,0.06342076664138462,-2.7996235540069536,-2.3255813953488373,30924.824229313133,0.006562991153863379,-2.9507517383238477
9991.40909090909,2088.5613107822405,0.0031967894198690703,-2.954061473380435,26161605.681818184,223311261062815.78,-1.0102687872627286e-05,-2.9598293468017722,1256.8181818181818,18673.36152219873,0.008556992605708703,-2.9564795358104954,0.6627906976744186,3895.9851270957283,0.0033438131415431493,-2.9491424897469765,1162646.5909090908,108805306790.43338,0.053841993105383006,-2.8484578895633224,5.813953488372093,36884.80259599781,0.0025146384802699176,-2.9509572429023816
10006.238636363636,1924.6335887949265,-0.001767881288768759,-2.956566158599482,26393521.59090909,222164968058069.5,2.3302757402622355e-05,-2.9601034480506514,1263.6363636363637,27135.306553911207,-0.000336407251024363,-2.9664141511410715,0.20930232558139536,2328.1306111411586,-0.004324498816495979,-2.9414555729801775,1162607.9545454546,99274829877.11417,0.053994909083448596,-2.8480292903580997,2.3255813953488373,61971.335857220125,-0.006024417362437078,-2.951554400757359
9981.795454545454,2127.7246300211414,0.008879882985640167,-2.9575633597037454,26393645.454545453,222174581990792.8,2.184060861827327e-05,-2.9601051367663795,1294.3181818181818,23397.19873150106,-0.004868819180594666,-2.961549489065931,-0.27906976744186046,3913.4570037858302,0.005787599164890447,-2.9369080097601135,1162595.4545454546,99241419164.90485,0.05399447546199684,-2.8480303814027654,-5.813953488372093,50838.29096809086,-0.007192554714164186,-2.956738125668752
9997.545454545454,2022.0792811839326,0.0025195551610159308,-2.9578692411281438,25560319.318181816,221150725923513.5,-9.27644629744104e-05,-2.960380523006681,1248.8636363636363,16335.887949260039,0.004371706342445587,-2.9571613310897487,-0.9767441860465116,3535.4180638182793,-0.002082436072056124,-2.9453052094767256,1138122.7272727273,109436068424.94717,0.06342166876259347,-2.7996207903809687,-2.3255813953488373,31506.219578150332,0.0029253568293326026,-2.941878643266468
9985.78409090909,1818.992996828752,0.009080477481706857,-2.9527876201939516,25682142.045454547,222194878314063.2,-4.288166345348773e-05,-2.960108767982984,1248.8636363636363,22266.120507399573,0.0028855405484378423,-2.9610680602601276,1.6744186046511629,3249.335857220119,0.007469954677070609,-2.9452610970230553,1162684.0909090908,128490369043.3404,0.054188987281051676,-2.847542657941282,6.976744186046512,45881.557598702006,0.0030623464540734365,-2.9415694130262886
9997.954545454546,2109.881606765328,0.0014826232057169664,-2.9613041996311553,26045022.727272727,223506553438076.06,-8.640883394157884e-06,-2.9597933415073774,1254.5454545454545,15909.090909090908,0.0035999403900520456,-2.952013104684503,-1.8837209302325582,4543.649269875609,0.004860560017551508,-2.951033004284911,1162754.5454545454,113704860909.09093,0.05386085300627344,-2.848423556441584,-2.3255813953488373,28134.126554894538,0.005957513868671936,-2.9534042486572765
10000.852272727272,2491.8904598308677,-0.0006388946605673869,-2.9630736640083257,25927132.954545453,223345467118481.8,-1.4426725679197218e-05,-2.959822875777744,1263.6363636363637,23181.818181818187,-0.001855437424790242,-2.9619626275853186,-2.162790697674419,5290.252568956193,-0.0009715987703116682,-2.946005761481227,1162732.9545454546,118555177318.97464,0.05392871340369913,-2.8482529549232725,3.488372093023256,52836.668469442935,-0.003727519818101329,-2.9401287025305454
9988.613636363636,1760.056553911205,0.005934379893249259,-2.9505759584682925,25805993.181818184,222913849298208.25,-2.072761666116735e-05,-2.959925092837901,1259.090909090909,24101.479915433392,0.004513545914588048,-2.9631957413310896,-1.0116279069767442,3068.0289345592205,0.0054886772497028235,-2.946806251155476,1162725.0,123530394011.6279,0.054044946367530856,-2.8479412586907897,1.1627906976744187,48196.32233639806,-0.004438513272304547,-2.9460504790495228
10009.34090909091,1727.5671247357293,-0.00010630822321940071,-2.9542087586177876,25560762.5,221186420042223.8,-9.248102693372832e-05,-2.9603815050460294,1242.0454545454545,18946.881606765328,0.010911164388870768,-2.951527657663494,-0.7325581395348837,2711.2366143861545,-0.009992834501768315,-2.923657932743051,1138192.0454545454,109397586272.463,0.06341864941445013,-2.7996305486976167,2.3255813953488373,40459.70795024336,-0.0038407382784827306,-2.950900946061813
9996.65909090909,2058.0554968287524,-0.003502803009051462,-2.957800847852069,25804838.636363637,222912420522426.03,-2.1137095592121012e-05,-2.9599266111236173,1232.9545454545455,20574.788583509508,0.011969435622083082,-2.955139884633529,1.5,4095.418604651164,0.004679213331099646,-2.940284133298401,1162657.9545454546,123525835342.23042,0.054041671089157035,-2.8479502795982556,10.465116279069768,36227.69064359113,0.007083958830554352,-2.9485981232629253
10006.272727272728,2452.528541226216,-0.000860214752689865,-2.9661007714840144,25559256.818181816,221152331894603.6,-9.219276298675814e-05,-2.960381299462612,1242.0454545454545,19877.11416490486,0.003968921749240145,-2.9571405589939035,-0.7325581395348837,5128.469172525688,-0.0062421362042821725,-2.950940945434487,1138106.8181818181,109417857278.0127,0.06342197828803024,-2.799619500389444,-2.3255813953488373,48831.80097349919,0.0039013146413616412,-2.947634995758149
9999.897727272728,2461.1230179704025,-0.003561386272544853,-2.9605672592897165,25559456.818181816,221158177741347.78,-9.331895723623876e-05,-2.960382716098635,1270.4545454545455,23292.811839323473,0.0009533500163345178,-2.961322172511401,-1.3255813953488371,5025.789345592211,0.007158479871898169,-2.947190022499554,1138101.1363636365,109486820987.05077,0.06342038304525742,-2.7996247133484484,2.3255813953488373,44762.03353163871,0.006840712687338566,-2.9474701072220757
9997.40909090909,2045.7589852008455,-0.0004213317802469488,-2.956942460324859,26508659.09090909,221244802410148.0,6.852458282353539e-05,-2.960355783612653,1272.7272727272727,21099.36575052854,0.0033842432448734842,-2.9631746900697835,0.7325581395348837,4933.294753921039,-0.004072519806128215,-2.942145736587333,1162642.0454545454,94608961505.02115,0.05418915770461799,-2.847526796416231,6.976744186046512,35416.44131963223,-0.0018745970545270114,-2.9453361102275393
9998.806818181818,1816.8048361522203,-0.002601205852712265,-2.958474023594939,26394304.545454547,222174375982885.78,2.257235040392033e-05,-2.9601049060291924,1254.5454545454545,18002.11416490486,-0.0010525220790654614,-2.960036055922433,0.7325581395348837,3083.5854515954566,-0.0005128221213888794,-2.9516910651690456,1162620.4545454546,99240347130.02112,0.05399707824800045,-2.8480241308538385,1.1627906976744187,37498.647917793394,-0.009134793049330962,-2.940535288505301
10002.25,2164.029069767442,-0.004789174613760808,-2.959515643228998,25684060.227272727,222214982277974.34,-4.2867770915430466e-05,-2.9601097878567066,1281.8181818181818,22917.54756871036,-0.0011019792193588918,-2.9629271207549133,-1.430232558139535,3949.8439697133585,0.0011955877301251271,-2.9439820765396814,1162728.4090909092,128505736441.59615,0.054192707639045365,-2.847532697607347,2.3255813953488373,42320.17306652246,0.0022950315500477876,-2.9540471489589937
10009.204545454546,2113.1781183932344,-0.006080522245275051,-2.959967586408731,26599926.136363637,221260857107614.88,-8.503038153595331e-05,-2.9603564334005394,1261.3636363636363,21379.492600422833,0.0007346435807999512,-2.9591790433062974,1.8488372093023258,4283.982963764197,-5.234701021929066e-05,-2.947849165690093,1162669.3181818181,109474948280.91965,0.05436892014471789,-2.8465882133769473,-5.813953488372093,35373.17468902108,0.005574141792616064,-2.9470494543886283
10008.829545454546,2077.0342230443975,-0.0024652659487803307,-2.9621055060124264,26164112.5,223346278440363.38,-8.840848484537093e-06,-2.9598284137590425,1288.6363636363637,23705.073995771672,-0.0014388857460718414,-2.9653204265407327,-0.03488372093023256,4681.830178474852,0.0056801269953298235,-2.9500557048057243,1162748.8636363635,108895834010.30655,0.05383996484312175,-2.848464044205138,-1.1627906976744187,48893.996755002714,-0.00016087975162368316,-2.950327000062034
10001.431818181818,2210.646405919662,-0.002855982461000563,-2.9602516170507553,25560396.59090909,221182786665162.53,-9.05651727151314e-05,-2.960380962232023,1227.2727272727273,15634.249471458776,0.009828952155851844,-2.9495155011708634,-1.1511627906976745,5107.901568415359,0.006248736451495636,-2.9508341131900826,1138180.6818181819,109397450141.38477,0.06342144114301468,-2.799621441536944,0.0,21395.348837209312,-0.0021533270452110957,-2.943394617846709
9996.045454545454,2494.2653276955593,-0.0028429464672377934,-2.965060375730987,26162971.59090909,223329662513883.47,-7.339147056394967e-06,-2.959828430252886,1271.590909090909,25395.084566596193,0.004140265023107891,-2.964243047136669,-1.7790697674418603,5121.968631692806,-0.0001890423600689164,-2.954371047916431,1162728.4090909092,108879515162.5264,0.05384415798737706,-2.84845242129118,-5.813953488372093,60024.337479718764,0.0016497441978046315,-2.955249751438985
10006.477272727272,2205.080866807611,-0.004149654959987751,-2.957064126371095,26393429.545454547,222168043049106.78,2.4086740678719674e-05,-2.9601046511844786,1252.2727272727273,21622.62156448203,0.004348666916990763,-2.9635043620772388,0.872093023255814,4625.501081665765,0.008950680894714569,-2.947379884504655,1162601.1363636365,99311506568.4461,0.05399407790952108,-2.848031588541271,2.3255813953488373,35459.70795024337,0.0019679056902344476,-2.921497250749296
10011.386363636364,2204.510042283298,-0.00407460625623591,-2.961079215968661,26160761.363636363,223303443030333.0,-8.704969110542195e-06,-2.9598294654896025,1262.5,23735.465116279076,0.001592177165778517,-2.962838874434654,-2.162790697674419,4148.089778258518,-0.00199870448461584,-2.95274089890212,1162611.3636363635,108785123821.35307,0.053837324544113836,-2.8484710965343227,6.976744186046512,44486.20876149269,0.00027871077304275746,-2.9470488291652845
9993.96590909091,1463.0743921775897,0.006569781039630677,-2.9534586905460993,26162489.772727273,223331253638788.28,-6.565869327659252e-06,-2.959827529293873,1251.1363636363637,17382.399577167012,0.00445733200342315,-2.9553056962376894,0.38372093023255816,3418.858572201191,-0.0069966954048962604,-2.9533238192027795,1162725.0,108890262732.55814,0.053843831225570606,-2.8484532977232284,3.488372093023256,36208.76149269875,0.006373101509967489,-2.9505066690054944
10002.420454545454,1779.197013742072,-0.001081136455116262,-2.9591464713276308,25803471.59090909,222880900131325.3,-1.8793477906330098e-05,-2.959926546791474,1247.7272727272727,18366.807610993656,0.005390278146138797,-2.957451712798261,0.6976744186046512,3200.3737155219037,-0.007684702617274998,-2.939278069485819,1162638.6363636365,123472097658.56238,0.05404168247873457,-2.847950560792,2.3255813953488373,38017.847485127095,0.002466605411923588,-2.954403947821715
10008.011363636364,2229.377774841437,-0.00617026365458507,-2.9596345828359802,26509986.363636363,221246225198530.66,6.766628641180058e-05,-2.9603554162651453,1254.5454545454545,23816.06765327695,0.00669138616229269,-2.9602204446055262,0.45348837209302323,5389.381557598702,-0.0022014546614871223,-2.9532387647295497,1162676.1363636365,94563377033.56233,0.05418915930345566,-2.8475267318324704,6.976744186046512,33672.25527312061,-0.012345138699228844,-2.934991943399013
9998.738636363636,2088.0987050739964,-0.0034933372972522974,-2.963991919802438,26510617.045454547,221255206801388.75,6.56922374015528e-05,-2.9603555350813524,1243.1818181818182,21696.61733615222,0.005515044138707544,-2.9585843975194828,-1.569767441860465,4293.309085992429,0.0004766021210757179,-2.9485067249687407,1162681.8181818181,94692850475.68709,0.054185311849034204,-2.847537079460959,-4.651162790697675,41257.4364521363,0.0007731665601354142,-2.9478545616938763
9994.204545454546,1925.1199788583515,0.0078232512449492,-2.957087397197216,25683469.318181816,222207287704559.97,-4.3329698864452336e-05,-2.9601072826714234,1250.0,20232.558139534885,-0.0004132236699646798,-2.9618464670486073,0.6627906976744186,3609.6595457003777,0.004636606332640167,-2.9523095036459406,1162719.3181818181,128454765373.94293,0.054189394563575986,-2.847541734707971,3.488372093023256,43185.505678745256,-0.0002832985001426316,-2.9539612717732013
9997.988636363636,1827.308007399577,0.00032972459060958786,-2.9573459308943018,26281982.954545453,222929886827667.8,1.6166934995489935e-06,-2.9599310434331136,1271.590909090909,24929.968287526426,-0.00110823976164936,-2.966143664437669,-0.5232558139534884,2748.7552731206056,0.0020198073742870707,-2.9602076948869063,1162810.2272727273,104071113439.48206,0.05388366201265143,-2.8483321901897702,0.0,39186.04651162789,0.0005621285484027152,-2.936619127818971
10000.443181818182,1960.4908826638473,-0.002373359665032944,-2.957165953362159,26394276.136363637,222188490070405.6,2.271040293603442e-05,-2.9601048387656275,1276.1363636363637,20289.376321353062,-0.0028014274563587785,-2.957487389388049,-1.744186046511628,3470.748512709573,-0.0018387597728274988,-2.9425939366217166,1162635.2272727273,99272476113.90062,0.05399315066770237,-2.848033901775029,-2.3255813953488373,41041.10329908058,-0.004286959636584252,-2.941594692609419
9998.022727272728,2147.418076109936,0.007631313076670795,-2.9579978549350074,26280200.0,222879793021279.06,-6.951860134436465e-07,-2.9599306270336836,1244.3181818181818,22583.24524312897,0.00575233360918236,-2.962294966746625,0.2441860465116279,4834.771768523527,0.004316932042226778,-2.950143723137201,1162668.1818181819,104086669894.29176,0.05388745307023591,-2.848322085590508,-6.976744186046512,47044.3482963764,-0.0023514206847863495,-2.9509459969385383
9999.625,2184.606104651163,-0.0033136683052552547,-2.9618021757402366,26044553.40909091,223455850175627.7,-1.082154929528362e-05,-2.959791799502919,1230.6818181818182,19559.989429175483,0.009068543381922289,-2.9558879385356445,1.3604651162790697,3555.399134667388,0.002122013998152485,-2.945531822266281,1162681.8181818181,113673601289.64061,0.05386320273838507,-2.8484174790588623,-1.1627906976744187,41452.136289886424,0.001837643862778918,-2.951229160395865
9989.15909090909,1861.2066596194502,0.0034625139233800005,-2.954337402269491,25559196.59090909,221150733085395.03,-9.206136366806895e-05,-2.9603809725359884,1251.1363636363637,21801.004228329803,0.009101269958254622,-2.960984101808527,0.2441860465116279,4236.481070849109,0.00011559221095084636,-2.952241546385424,1138110.2272727273,109417654718.5518,0.06342141498534395,-2.799621332607995,-10.465116279069768,34832.34180638182,0.0035527599948103326,-2.944773228435178
10005.28409090909,2598.748810782241,-0.0017030390621053744,-2.9667668131740186,25684462.5,222210464099084.34,-4.432224395270155e-05,-2.9601081952871233,1307.9545454545455,29993.393234672298,-0.007165788353076988,-2.966051402611374,-0.7674418604651163,3519.6668469442943,0.004325436637839037,-2.9298965186303954,1162742.0454545454,128425675225.95137,0.05419128516673667,-2.847536518472259,4.651162790697675,69280.69226608978,-0.0024077926573816202,-2.955577823064434
9996.897727272728,2269.402087737844,-0.0007956606306103672,-2.962620599739677,26280709.09090909,222907484955380.53,1.6510436809195576e-07,-2.959929219703784,1263.6363636363637,23646.934460887947,0.001568524333558922,-2.963620784849097,-0.4186046511627907,4227.731746890212,0.0008163981025018139,-2.9483959412717176,1162745.4545454546,103999440211.41647,0.05388360190404272,-2.84833169971683,-3.488372093023256,57255.27312060572,0.000834924045165189,-2.9553223990970645
9995.568181818182,2207.2975687103594,-0.0011355328551678203,-2.9609357242759904,26161601.136363637,223307857082382.38,-6.30484894942761e-06,-2.95982758805549,1219.3181818181818,22466.96617336152,0.010801177909928515,-2.9594047198866975,-0.5581395348837209,3459.6652244456473,0.003726360590616985,-2.9529957101461446,1162672.7272727273,108899645401.69131,0.05383989385071199,-2.8484637340028933,1.1627906976744187,45754.461871281776,0.011503560402013818,-2.9428311538407312
9994.511363636364,2449.040565539113,0.0006623492862981037,-2.9580711422153096,25925922.727272727,223340135013308.62,-1.1145883326589722e-05,-2.9598244061017818,1223.8636363636363,19707.980972515852,0.004127876816515585,-2.960830925108883,0.7325581395348837,4913.411032990805,-0.0027469763338783663,-2.9406815825056363,1162695.4545454546,118568224630.02115,0.05392993970105584,-2.8482497085753273,1.1627906976744187,45173.066522444555,-0.002595677127021509,-2.949658498726038
9997.136363636364,2091.8530655391123,-0.0015204587883311206,-2.9582680510343495,26393813.636363637,222161097752949.22,2.198012007438773e-05,-2.9601052235637657,1236.3636363636363,23414.376321353073,0.008194751894648793,-2.960793080632216,-0.13953488372093023,3973.1665765278526,0.0017692065714193946,-2.9524326739052853,1162573.8636363635,99252705056.81818,0.053997494529694705,-2.8480221976648186,3.488372093023256,51441.31963223365,0.0041325925926076245,-2.9494476452726017
9995.125,2149.547965116279,0.004190255809437871,-2.962587483518435,26394125.0,222174880229011.62,2.413318045383089e-05,-2.960103628231056,1257.9545454545455,21272.46300211416,-0.0006346696472762421,-2.9629862212283387,2.581395348837209,4787.196863169281,-0.009097338116900328,-2.945868656199209,1162643.1818181819,99345134836.15219,0.053991939617693226,-2.848037253464867,-1.1627906976744187,42149.81070849109,-0.0006292545946983398,-2.9476195058714865
9996.420454545454,2377.0691067653283,0.004832680382003886,-2.9621517429773165,25804712.5,222933534972688.97,-2.1163356253252132e-05,-2.9599283266812817,1275.0,21337.209302325573,0.0007631061536414329,-2.9592171173457507,0.0,4406.127906976744,-0.004024539226348092,-2.939319376548044,1162690.9090909092,123492091310.78221,0.054037200197814356,-2.8479628624472113,-3.488372093023256,56208.76149269874,0.0041117732754149565,-2.9548000194989066
10000.0,2429.162790697675,-0.000254510926836435,-2.9599044400684447,26395946.59090909,222192942229581.06,2.21918720770253e-05,-2.9601022419982033,1297.7272727272727,23831.923890063434,-0.0032341633103675532,-2.961472365581789,-1.2906976744186045,4463.537587885345,0.0004148850613140649,-2.956451075146554,1162696.5909090908,99379084929.96826,0.053996341921601194,-2.8480249911056554,1.1627906976744187,40405.624661979455,-0.010049962128564759,-2.93747044379309
10007.193181818182,2114.5373942917554,-0.007270044652723437,-2.957404264997807,25561784.09090909,221189905943229.38,-9.225992188797114e-05,-2.960381447490617,1273.8636363636363,21335.887949260046,0.0007795364699253935,-2.9586735805153945,1.3255813953488371,3230.4986479177933,-0.0011063220063785727,-2.9449379318555744,1138204.5454545454,109438986141.64905,0.06341975291307378,-2.7996269727711356,-5.813953488372093,54326.663061114086,-0.0036469463479787555,-2.950700770860284
9992.738636363636,1648.6684725158566,0.0034664086516853158,-2.95623385209685,26279660.227272727,222881128134951.1,-2.1278988100618204e-06,-2.9599308196208867,1312.5,16758.720930232557,-0.007183059940826056,-2.952310126837633,-1.8837209302325582,3257.4864791779337,0.0026446109793882696,-2.941243299757344,1162654.5454545454,104116898234.6723,0.05388131182676803,-2.848338120542856,0.0,33837.20930232557,0.010635668582910264,-2.9325738251899374
9998.261363636364,2330.05219344609,0.004212744013048484,-2.9609419517851876,26042778.40909091,223462102552604.4,-9.425705702234587e-06,-2.9597944187299303,1288.6363636363637,30332.98097251586,-0.0036987601070949325,-2.9698081700651304,0.313953488372093,4476.930502974582,-0.0008225562398771658,-2.9490917476022616,1162631.8181818181,113736811057.08244,0.05385919006437313,-2.848428459172881,-4.651162790697675,80210.92482422928,0.00044510611956887793,-2.9615671251006477
10003.886363636364,2429.6146934460894,-0.0003360281099335552,-2.9635227685305665,26280631.818181816,222917745152568.72,-3.2561690152665524e-07,-2.9599320035300583,1252.2727272727273,23715.64482029599,0.006302017327290045,-2.959593394150873,-2.616279069767442,5019.49810708491,0.0006252760834330831,-2.957790592182756,1162728.4090909092,104096542720.66595,0.053886827628620425,-2.8483236809959758,-4.651162790697675,54513.25040562466,0.0009327806485595338,-2.944392329208265
9993.488636363636,2159.36614693446,0.0035266137266525897,-2.9576781899624005,25682167.045454547,222190705565923.62,-4.274766132952938e-05,-2.9601088910244235,1222.7272727272727,22029.598308668075,0.014976106788849867,-2.9523193489553656,2.127906976744186,4712.256895619254,0.0038198697249254977,-2.9514672086449276,1162663.6363636365,128487974577.16702,0.05419108592951239,-2.847537116467756,1.1627906976744187,45056.78745267711,0.0012913102706600308,-2.9390989791575137
9996.829545454546,2284.1388742071886,-0.0003409542543230068,-2.9595445803092724,25561536.363636363,221182252723763.25,-9.22020331059154e-05,-2.9603801097788907,1211.3636363636363,21495.77167019027,0.009630463423998892,-2.9627983604716386,-0.20930232558139536,4372.177122769064,-7.80941473342592e-05,-2.931232930468951,1138212.5,109406440595.93022,0.06342161133317435,-2.7996210159992945,2.3255813953488373,36506.21957815034,-0.006607802389457528,-2.939842679760569
10007.056818181818,2160.8978594080336,-0.006406119909683383,-2.9587048787607593,25561676.136363637,221164073047615.0,-9.4438153954164e-05,-2.9603798558204937,1264.7727272727273,25067.38900634249,0.001027118552922339,-2.964462874877356,-1.255813953488372,4986.411303407249,0.0017754671513252832,-2.9556436645573383,1138163.6363636365,109385673879.49263,0.06341807315022513,-2.7996325919125913,2.3255813953488373,31273.661438615465,0.008015004097396548,-2.93499507864608
9993.386363636364,1992.1728329809725,0.00784792579828223,-2.957395712505512,25685600.0,222218328856046.5,-4.539891050147562e-05,-2.960106582193148,1268.1818181818182,26057.082452431285,0.0016800268603208311,-2.9647264120022867,2.755813953488372,2584.6671173607356,-0.017430824543652655,-2.9329604722592313,1162768.1818181819,128515650126.84987,0.05419098361100549,-2.84753759991228,4.651162790697675,72769.06435911304,-0.003100859432640853,-2.962124973688519
10001.397727272728,2037.0765063424944,-0.0007397098197154315,-2.961996625113952,26164142.045454547,223339195754528.28,-9.3769272561399e-06,-2.959827480084017,1247.7272727272727,18599.365750528545,0.006710191399214324,-2.9594079487566534,-2.0930232558139537,4138.34018388318,0.008126964178966595,-2.9371799181471885,1162737.5,108852163386.6279,0.053842930955107296,-2.848455637304341,-2.3255813953488373,47087.61492698755,0.002036852249939632,-2.958173525729044
10000.613636363636,2492.196088794926,-0.004759459980514275,-2.9616388934767865,26278252.272727273,222869500034529.5,2.646392883348384e-07,-2.9599317815449417,1232.9545454545455,24644.55602536998,0.00594723713606979,-2.963930209218727,-1.9186046511627908,4298.789886425095,0.004509036909124289,-2.943267594548493,1162637.5,104035619781.97675,0.05388458857312218,-2.848329442615197,8.13953488372093,47782.58518117902,0.008851949787538666,-2.9396364764906306
9995.227272727272,2068.144820295983,0.002508988932117302,-2.955120057766692,25805323.863636363,222931292494824.22,-2.0092716375098168e-05,-2.9599279534633154,1275.0,25523.255813953478,-0.0014582342028291282,-2.9664469916709555,2.581395348837209,3584.441049215792,0.006777322636299825,-2.951309729038028,1162707.9545454546,123576982551.53278,0.05404599978526435,-2.8479386879560935,2.3255813953488373,60343.428880475956,0.002625944806980004,-2.9551240414176116
9996.96590909091,1695.0860200845661,-0.005289443755571698,-2.9528087522237976,26396787.5,222224991121875.03,2.302973231596325e-05,-2.960104922747055,1273.8636363636363,20754.49260042284,0.0017917909425456146,-2.9563023312800554,-0.03488372093023256,3824.8418063818285,0.011595955109740411,-2.937426638749389,1162729.5454545454,99345375269.55602,0.05399259773053298,-2.84803568992087,5.813953488372093,46884.80259599783,0.0017937301708148394,-2.957421240618614
9997.170454545454,2456.185385835096,0.0014829206265159298,-2.9641289004445928,26602634.09090909,221265973732647.9,-8.904547254285371e-05,-2.9603562575138493,1270.4545454545455,19571.881606765328,0.00023750152475577417,-2.9533230629113922,-3.0,5334.17441860465,-0.0010059443980719757,-2.94966975745511,1162679.5454545454,109579397246.30019,0.054371013655193264,-2.8465810310854516,-1.1627906976744187,42498.647917793394,-0.005504903554864296,-2.9401910765167187
9998.295454545454,2178.1664904862578,0.0014929687982821382,-2.9623568566034577,25924660.227272727,223328214601927.88,-1.2067332361595268e-05,-2.9598238067020697,1276.1363636363637,18080.07399577167,-0.005787265185842734,-2.9601929023062956,1.7093023255813953,4447.316657652786,-0.007964828263917693,-2.946276003264768,1162651.1363636365,118632121335.88794,0.05392976996502197,-2.84825006186758,-1.1627906976744187,35173.06652244457,-0.00349333126927116,-2.937436409711959
10003.272727272728,2314.8076109936574,-0.010277645618387442,-2.9576755285530574,26396807.954545453,222213691649063.16,2.391889949599438e-05,-2.9601048078758687,1250.0,20697.674418604653,0.004792479959623804,-2.9572805603057466,0.06976744186046512,4794.4835045970785,0.0014468360931515942,-2.9419974292892053,1162735.2272727273,99351615299.94711,0.05399678853752689,-2.8480245061079374,-3.488372093023256,51557.59870200108,0.0018771577622711108,-2.9529283196935103
10007.125,1897.7572674418607,-0.005455689811367572,-2.9533520272621616,26601065.90909091,221255519512531.72,-8.58674282934562e-05,-2.9603545089957453,1244.3181818181818,18629.756871035945,0.005204330555876159,-2.9622782468065396,2.0232558139534884,5033.185505678745,-0.0005524468370296242,-2.9429553338543744,1162684.0909090908,109513880089.852,0.05437092875933655,-2.8465808984591923,3.488372093023256,38185.50567874526,-0.008149980347224535,-2.9492288334677483
9997.03409090909,2023.062764270613,0.000572799044452404,-2.9583179256184793,25560253.40909091,221162260311092.75,-9.417992003953003e-05,-2.9603821249464266,1248.8636363636363,18777.748414376318,0.007164098993142626,-2.958634485736807,1.813953488372093,3220.279340183883,0.009062344339989835,-2.944230214274252,1138118.1818181819,109505946871.03593,0.0634215874810406,-2.799620700504724,-6.976744186046512,33904.81341265549,0.005060984418768194,-2.9381622349821073
10001.056818181818,2307.9327431289644,-0.0012341697727664643,-2.9636276457962105,25684573.863636363,222212815376335.84,-4.363838878713717e-05,-2.960108185813916,1332.9545454545455,20225.951374207194,-0.009496487034500138,-2.9585107564077213,-2.86046511627907,3581.247971876689,-0.0007971327463513855,-2.9441030367984107,1162742.0454545454,128474627318.97464,0.054189658694119174,-2.847541285559664,-1.1627906976744187,43312.6014061655,0.0043314875855057465,-2.953967792858282
9998.15909090909,2500.9392177589853,0.0027603004893940607,-2.962328784621982,25805072.727272727,222926829230634.2,-1.8704626275977952e-05,-2.959926164660375,1251.1363636363637,20056.818181818173,0.002825495050828039,-2.9552880397968644,1.0465116279069768,3858.6489994591675,-0.005633594815949825,-2.935281708854053,1162736.3636363635,123556363995.77167,0.05404427898523871,-2.8479431585646786,-4.651162790697675,37652.78528934559,0.0014899306139307285,-2.933780809363674
10007.056818181818,2157.5490221987307,-0.0032502581957790564,-2.9590404823633056,26279711.363636363,222881527051030.66,-1.5328427004158272e-06,-2.9599311537102757,1278.409090909091,23767.177589852006,-0.004145013185926681,-2.961163519884034,1.5348837209302326,5919.958085451595,0.0015732347348332595,-2.958336202616055,1162662.5,104093686293.60466,0.05388164660609509,-2.8483376403656715,0.0,47674.41860465117,-0.004988653256960907,-2.949502731058353
9983.636363636364,1707.8879492600418,0.012942208528320311,-2.945994097124824,25684120.454545453,222217303010618.38,-4.352092236522846e-05,-2.9601087798876544,1269.3181818181818,22932.0824524313,0.000480950077153957,-2.9596991568399806,1.3604651162790697,4053.643320713899,0.0027468407483755347,-2.94464678108712,1162746.5909090908,128538030511.36365,0.05419207645123792,-2.8475342292133083,-2.3255813953488373,43134.12655489454,0.001766487010744899,-2.9522378124507407
9992.329545454546,1631.0109672304443,0.0043766233818235585,-2.9537593557651616,25684226.136363637,222205034739940.6,-4.462614571483088e-05,-2.960107502284385,1286.3636363636363,26205.073995771665,-0.004054487621752058,-2.965226947797159,0.8023255813953489,2241.3504597079504,-0.016632596129705263,-2.938534498117882,1162740.9090909092,128488296078.22412,0.05419144767625926,-2.8475359985630004,-1.1627906976744187,49591.67117360736,0.0022165439128074738,-2.949811654806443
9991.511363636364,2041.1103329809723,0.005274276928978898,-2.9563876052454745,25681715.90909091,222177877739159.66,-4.4561837778780434e-05,-2.9601096431035807,1273.8636363636363,22731.23678646934,0.0015500790779869797,-2.9633364365688624,0.7325581395348837,4430.341265548946,-0.003119828283699807,-2.939658578602809,1162630.6818181819,128515942932.08243,0.05419224025670781,-2.8475337402215364,-9.30232558139535,50611.14115738237,0.002356674377728667,-2.9518587102580387
9993.522727272728,1889.662262156448,0.005142382338202789,-2.9511295126709025,26602840.90909091,221258966238636.38,-8.770030867605302e-05,-2.9603535040614544,1239.7727272727273,21462.737843551793,0.0024353819722300186,-2.9619564610527034,-0.5232558139534884,3995.4645754461862,0.003295070011485112,-2.9368125602188164,1162718.1818181819,109566631871.03595,0.054365720932052296,-2.846602985866077,3.488372093023256,38650.621957815034,0.008571601604909046,-2.9346199405830045
10001.125,1781.5944767441858,0.0011008098944948635,-2.9514744441617466,26163244.318181816,223340478684443.7,-8.009737025079924e-06,-2.9598287198384217,1261.3636363636363,24984.143763213535,0.003487967362155052,-2.9641132210467633,-1.5348837209302326,3557.3534342888042,-0.0007779362940358316,-2.942597583160752,1162730.6818181819,108850273862.315,0.0538439164798833,-2.8484525294931293,0.0,55697.67441860464,0.0004221945023017489,-2.945260784016172
9999.556818181818,1487.6769291754756,-0.004839046649278133,-2.947452972566509,25684442.045454547,222192510801505.03,-4.563289180973673e-05,-2.9601073914485045,1226.1363636363637,21103.329809725154,0.015635091842485696,-2.9515810762723746,-0.10465116279069768,3607.680908599243,0.0003260711988182026,-2.9398580512490398,1162701.1363636365,128465174475.42279,0.05418893310212852,-2.8475428627446404,3.488372093023256,41557.59870200107,0.002787026375260634,-2.9418478571250497
9986.806818181818,2230.176929175476,0.005901434962912737,-2.957380727337866,25807111.363636363,222944771876379.47,-2.1325454833765706e-05,-2.959926825359953,1240.909090909091,17473.572938689213,0.006698848112200338,-2.956196645992965,1.569767441860465,5503.076527852894,-0.0016345849656063977,-2.9481054289393063,1162765.9090909092,123483434392.1776,0.05404346481211639,-2.8479454573104435,4.651162790697675,27885.343428880475,0.011096752757361451,-2.9239565636936113
10006.136363636364,2087.143763213531,-0.007869357797403958,-2.9498088187821203,25805942.045454547,222919261940458.53,-2.1884702309192345e-05,-2.959927137719676,1243.1818181818182,19138.477801268502,0.007555278396764465,-2.9576625189181693,0.9767441860465116,5165.778528934559,-0.0007787320622203906,-2.9472318227293557,1162700.0,123523813604.65114,0.05404084898329979,-2.8479527215132396,8.13953488372093,39294.21308815575,0.004942801049522258,-2.9529962376855687
9984.795454545454,2496.201374207187,0.011003535860599835,-2.9558425604815413,25683632.954545453,222198472897435.25,-4.544426888995996e-05,-2.960108141004807,1268.1818181818182,21987.31501057082,-0.00017584681711608842,-2.9626928707355797,-0.27906976744186046,6219.968631692806,0.00430762516594159,-2.952994079144119,1162694.3181818181,128564698164.64062,0.05418779452950394,-2.8475459580248033,-5.813953488372093,50140.6165494862,-0.001153870142816175,-2.952879279150718
9995.5,1610.6860465116276,0.006111602897180075,-2.9492597016463247,26044955.681818184,223480060300373.9,-1.1677616133668774e-05,-2.9597937996814334,1248.8636363636363,27963.794926004226,0.0035857234382595223,-2.966700697084981,-0.9418604651162791,2970.525689561925,-0.010976938331112102,-2.948105162112719,1162694.3181818181,113714399443.71031,0.05385896233523804,-2.8484288505128705,-1.1627906976744187,49010.27582477016,0.0007539177321323116,-2.938014612424805
9988.818181818182,2293.059196617337,0.01003955485684919,-2.9561096519328287,25683267.045454547,222188811928830.53,-4.361482776147361e-05,-2.9601069490969683,1253.409090909091,19581.131078224105,0.001738376478693165,-2.96312591437828,-3.2093023255813957,4227.235262303949,-0.003260764075103193,-2.943328970259482,1162685.2272727273,128452486811.57506,0.05419420588682435,-2.847528360992217,-4.651162790697675,38350.45970795024,0.003854099710993525,-2.953568106824748
9994.681818181818,1757.140591966173,0.004408200275260126,-2.954641854588115,25560017.045454547,221158125442900.38,-9.359099217107231e-05,-2.960380796952977,1254.5454545454545,18467.230443974637,0.005721680180548609,-2.9557608553703534,-1.6744186046511629,3376.4870200108167,-0.004360579117367773,-2.9441338527463925,1138112.5,109462944433.13953,0.06342068394673486,-2.7996236747691747,1.1627906976744187,39242.833964305035,-0.0033492370828661602,-2.946276124351789
9997.03409090909,2205.051136363636,0.0006314904237004352,-2.9616872632890967,25559242.045454547,221147717382784.1,-9.345629293031414e-05,-2.9603799124047585,1243.1818181818182,26929.175475687112,0.005705018001358649,-2.966835686657997,0.4883720930232558,5124.110329908058,0.0005811194694798399,-2.9501300178333913,1138114.7727272727,109383824137.15646,0.063416873750833,-2.7996364065418415,-6.976744186046512,45300.16224986477,0.006470518909302817,-2.9503294455162425
9996.079545454546,2093.9877114164906,-0.001638981837585838,-2.9577553361015565,25923247.727272727,223323262268715.62,-8.664712011594676e-06,-2.959824187068898,1298.8636363636363,23894.027484143757,-0.00016060136612411805,-2.9675004281552755,-2.6511627906976742,2788.517847485127,0.0016827896479920702,-2.946641078015806,1162650.0,118561320813.95346,0.05393061530410748,-2.84824762621932,0.0,42441.860465116275,0.004669665114510938,-2.942742711407564
10004.943181818182,2189.8862315010574,-0.004048094376201726,-2.9593754149279428,25562012.5,221190736775595.84,-9.32413709081139e-05,-2.9603818721823743,1265.909090909091,24392.177589852006,0.0015973780908904863,-2.966001826758562,-0.38372093023255816,3804.8120605732815,-0.007242894776600114,-2.9502200376322683,1138200.0,109390301162.7907,0.06342461943436345,-2.799610738621043,2.3255813953488373,46738.777717685254,-0.0037411364588833327,-2.9425491403980293
