9994.569832402234,12369.66784884816,0.00035182459730490474,-2.9891373744415564,1054850.5586592178,93662284859.23665,0.013570922058604868,-2.9605129065481304,1853.072625698324,19133.764358797314,0.0015294435439536398,-2.989250426717343,-0.2696629213483146,23540.31211336952,0.0010343311450336306,-2.986339316258125,-166.01123595505618,204947705207.12347,6.760110831439175e-06,-2.9750636563389223,-1.9662921348314606,38549.50448175737,0.0006867012530248042,-2.986856114777072
9994.418994413409,11626.3066034775,-9.171126140877947e-05,-2.98888137561039,1052745.810055866,88878382355.94122,0.013576522145738934,-2.9605230890870144,1861.731843575419,21294.174879166443,0.0007328511789149027,-2.990655930946054,-1.457865168539326,21233.260865105418,4.157821062314652e-06,-2.9860383474354424,-167.97752808988764,197734109002.65115,-0.00018058512914620646,-2.9750680651834656,-1.9662921348314606,41386.58313344275,-5.654032830425525e-05,-2.986833602432721
9992.717877094972,11777.741588726381,0.0007630844720492724,-2.9887640446105346,1050651.6759776536,92686783087.06288,0.013589061062877113,-2.9605255970576354,1866.7597765363128,21150.116125792458,-4.9797152795611414e-05,-2.9903400571902097,-0.24438202247191013,24758.143929112477,0.0002973350904001886,-2.9871929496934153,-172.19101123595505,203234096909.24442,6.897161602448551e-06,-2.97507816409979,1.404494382022472,43242.409418002775,0.00026855272348308364,-2.9872598382200497
9982.67877094972,13932.914490615785,0.000982113724799758,-2.9901470891527047,1052792.7374301676,93131764890.77896,0.013583327351346555,-2.960528795211587,1865.6424581005588,21664.05122089012,0.0005546745396977632,-2.9907246563932963,1.3146067415730338,28728.799899002657,-0.00030767279352271975,-2.986764590019027,-164.88764044943818,204073520522.7402,8.813531567142392e-06,-2.975074954303001,1.404494382022472,43691.847620249966,-6.922775245525864e-05,-2.9874676633481156
9998.835195530726,13599.114540832345,0.00013426258457497928,-2.9899181616491144,1050677.374301676,88471470959.9209,0.01358286995529567,-2.9605146919048875,1864.5251396648046,21641.76762287365,0.0003631552599610182,-2.990807848312717,-0.9775280898876405,27331.33657366494,0.0010358564896045788,-2.986168648607782,-168.8202247191011,199069223873.3272,5.5182815994426865e-06,-2.975076763380001,-0.5617977528089887,40814.29112485796,0.0008221497105925993,-2.985950613925605
9996.832402234637,13636.109393635046,0.000416757436497484,-2.989924313073295,1047451.3966480447,91784945208.71259,0.013595209843634735,-2.9604166952777513,1851.1173184357542,20335.823237712644,0.0010835267705402306,-2.989507717688321,0.8511235955056179,25816.293847052133,-7.165797877953254e-05,-2.9855227115503213,4883.988764044944,197032052004.8763,7.786313692137919e-05,-2.9744248775391613,0.0,35870.78651685397,-0.0007276058395099396,-2.985169435703347
10014.27094972067,12897.135443474983,-0.0006807177449151726,-2.9900977369457706,1048506.1452513967,92335452967.6417,0.013588067245563157,-2.9605015610595493,1848.6033519553073,22259.274370723753,0.0013063282971009233,-2.9906278171660134,-0.3202247191011236,26722.161501073086,-0.00046029919900497673,-2.9867952361105186,-5451.404494382022,199451271866.00504,0.000150705177040376,-2.97412315373776,1.6853932584269664,43087.04709001386,-0.0006019285156257705,-2.987884509255004
9989.35754189944,11988.497850103575,2.1179899617128525e-05,-2.9889517272840824,1050296.3687150837,93084827922.13293,0.0135622597271598,-2.960477665252032,1843.0167597765362,21987.477245621736,0.001741688648449138,-2.9901312692212736,-0.3876404494382023,24380.04074611792,0.0002792889349979451,-2.9848499086051903,507.5842696629214,203376693467.75964,-1.764751889956249e-05,-2.9750687766939508,-0.8426966292134832,49058.2786264361,4.7518155321888924e-05,-2.9871304227333733
9996.472067039105,12865.004833343804,0.00034209923731307425,-2.9897894193700942,1052759.776536313,93137200479.72505,0.013583005812449122,-2.9605310533117173,1853.6312849162011,22079.436319126227,0.0010767092289458043,-2.9904292400563195,-0.9269662921348315,29061.73343012246,0.0008352418647799325,-2.9887164052712936,-166.29213483146066,204069643610.97076,7.098442829976371e-06,-2.975075613814403,1.9662921348314606,44027.03257164498,-0.0008904770171362791,-2.987808605650052
10010.298882681564,13666.585729081671,-0.0008685841445104525,-2.9900920064242285,1048004.748603352,93504185609.34656,0.013575941538157698,-2.9604440186329155,1859.217877094972,24479.160128052208,-5.129957437925095e-05,-2.9915457299525046,-1.205056179775281,29779.18126656989,0.0003622183664449435,-2.9887657442481976,6125.2808988764045,197663393799.07834,0.0001251401128927155,-2.974436358906992,0.8426966292134832,46811.087615200144,2.8850216352001777e-05,-2.987037613216506
9981.77374301676,12150.845992090888,0.0015364576405779175,-2.988618175738347,1052750.5586592178,91125523539.01198,0.013527102777625625,-2.960900653845966,1842.4581005586592,20265.8339087314,0.001521069979718376,-2.989474885237385,-0.4466292134831461,25072.19518526699,0.000562146689755067,-2.984436488042992,-5673.314606741573,196676395256.99097,4.147567052270879e-05,-2.974371268939778,0.28089887640449435,40294.86491604596,-0.000997864152422996,-2.986703182862652
9986.810055865923,12161.317651120458,0.0004182721766743165,-2.9898312172805848,1050279.6089385475,93095962461.08214,0.013563414407680817,-2.960471347796496,1848.3240223463688,21092.6809365388,0.0010002408495458153,-2.990386280986748,-0.5224719101123595,24615.359045575056,0.0009322830157083077,-2.9860820580026135,-4551.123595505618,202209363594.24344,0.0002886353289081576,-2.9740499821425823,-0.5617977528089887,44999.684383284955,-0.0007553850832381319,-2.987006383250227
9986.298882681564,14389.240223463692,0.00038103403729941593,-2.9902871251108256,1047478.2122905027,91755290028.24683,0.013593991523964014,-2.9604242838921953,1866.2011173184358,23106.83572908168,0.0003559204324496568,-2.9908620719681576,-0.8848314606741573,26083.909489016532,0.00019718079601543966,-2.9871465476106382,4887.359550561798,196950399208.19672,7.831275198799467e-05,-2.974427462165232,0.8426966292134832,47990.86289609903,-0.0006096625467756106,-2.98800173056613
10012.578212290502,12471.780365325463,-3.321056823881362e-05,-2.989071330665409,1049592.4581005587,88684311248.97998,0.013579239279917051,-2.9605310714347506,1864.804469273743,24681.2817776662,0.00026042515424631597,-2.991127159097092,-0.9185393258426966,27218.152072023724,-0.0005028411301941693,-2.9857687162088453,-5505.898876404494,191915534810.70877,-0.0002949423406675137,-2.97444239941185,1.1235955056179774,44914.467870218425,-0.00090574209328892,-2.9858517419429105
9999.740223463687,12753.450395455398,-0.0002499395710038852,-2.9895941776901447,1046400.2793296089,92069081530.82047,0.013575388947938862,-2.9604786637861906,1836.5921787709497,22291.130500282477,0.0022093566106233353,-2.9899441818791423,0.9943820224719101,20631.359519000114,0.001087155951018478,-2.9846642522896767,-5339.044943820225,198822549613.13284,0.00016767095468087095,-2.9741081161935234,1.404494382022472,47006.454361823,0.0006786448208783081,-2.98695526702497
10003.335195530726,12881.971282405375,-0.0002611851351556002,-2.9895114649799868,1053817.0391061453,89589556295.11641,0.013583826999244557,-2.9604460071695433,1851.1173184357542,20363.91312535309,0.0009434010145757545,-2.9896392319305405,1.4915730337078652,27370.8075132559,-0.001183975097912942,-2.9863458904982703,-166.57303370786516,199309290329.26724,8.105845348951494e-05,-2.974825457641473,-1.9662921348314606,42453.998863779845,-0.0007016169992196617,-2.9872322187007456
9998.994413407821,13079.547721423633,-0.00017679654728808077,-2.989484387169514,1052728.4916201117,93121488874.67824,0.013583605508880584,-2.9605279431763147,1863.1284916201118,22172.180026363683,0.00026408060070243406,-2.9907892303713144,-0.8511235955056179,29091.358453793713,0.00014977846818543865,-2.987864814328957,-169.38202247191012,204061723430.51697,7.976834742126102e-06,-2.9750750533267016,1.1235955056179774,44717.83865673524,0.0012891583771346517,-2.9868063621052667
9996.824022346369,15230.105093842181,0.0002727411360385675,-2.9902936833351084,1052596.0893854748,94257035658.77846,0.013553354835348233,-2.960567772494681,1868.7150837988827,21403.395894796286,0.00030369270671681126,-2.9903409700715313,-0.6151685393258427,27788.398253061478,0.00048298812599468745,-2.9860001601999673,507.02247191011236,208325577914.16794,0.000327445321333512,-2.9747372400338756,-1.404494382022472,40826.679080924136,0.0007761246494651428,-2.986368780874668
10000.243016759776,13336.486959387357,-6.983668174972937e-05,-2.989787666338914,1046453.0726256983,88671828206.7981,0.01408796447249585,-2.957963229003636,1858.9385474860335,19638.754629339015,0.001241695768679369,-2.98991907311223,-0.8932584269662922,26978.294786011873,0.0009213305137298127,-2.987457684878905,-169.1011235955056,195366682163.23703,-0.00017997077301272902,-2.9737593218034206,0.8426966292134832,39451.53705340237,-0.00025284545778300033,-2.986598028976779
10000.259776536313,13170.382979725056,0.0001955775517718659,-2.990730632522598,1046390.5027932961,92078608813.79073,0.01357674924036688,-2.9604740010541053,1868.4357541899442,20809.8989391752,7.330326814426215e-05,-2.990299535965485,-0.9775280898876405,25195.479832091896,0.00047709336450916536,-2.986316030323046,-5335.955056179775,198855336460.0429,0.00016558902770557956,-2.9741102779818975,0.8426966292134832,43215.58199722261,-0.0005120563807649441,-2.9876902441616324
9996.279329608938,13341.092884941301,0.0004746481538501932,-2.9901456020173933,1048042.7374301676,87607415227.85773,0.01354547194094998,-2.960529665274576,1849.1620111731843,21108.844391438088,0.0008833785191617343,-2.990945927010722,-1.8455056179775282,31346.53933373311,0.0004685148135261174,-2.9878453612674725,503.6516853932584,194794745871.49664,0.00015948554928744749,-2.9747762564412836,0.28089887640449435,41193.74132054034,-0.0002704821428155012,-2.985948858300094
10005.63966480447,13474.500047078036,-0.0003280913130781452,-2.990069962686823,1053834.9162011172,89587493029.62773,0.013583401684601022,-2.9604488547659016,1873.463687150838,23463.216370598184,0.0002550174800599583,-2.990784516218548,0.8174157303370786,27034.459640512567,-0.001141067960562157,-2.9863152584059356,-167.13483146067415,200716260141.7909,8.902172122024314e-06,-2.97506211643358,-0.28089887640449435,47457.78626436058,0.0006040946901678628,-2.987700291963463
10002.145251396649,13255.835525076884,-0.00018860479061994946,-2.9902395182200787,1052725.9776536312,88872116161.25792,0.013576107031550442,-2.9605204764868285,1858.659217877095,21624.03490050846,0.0011599227228430552,-2.990060963038025,1.5168539325842698,25424.41825527079,-0.0003484522678856171,-2.9860996172063228,5169.101123595506,194747697359.8663,0.00012042440856875596,-2.9744358237848774,0.8426966292134832,46080.75053654846,-5.112848674786082e-06,-2.9882051692565255
10013.63407821229,14806.119562488218,-0.0010505592023586756,-2.9904036571306447,1046362.2905027933,89971338162.70163,0.013572202685992112,-2.96047134618285,1851.1173184357542,20897.620990521627,0.0006782190647770533,-2.9902615508648287,0.2106741573033708,31758.768818646644,-8.852646272771476e-05,-2.987813013090017,-167.13483146067415,199503954130.55496,-0.0001799041529715449,-2.9750541990676793,-0.28089887640449435,45070.145814922405,-0.00023654619320444804,-2.9874301127797978
9994.243016759776,14518.748195342409,1.1516475012898347e-05,-2.99005430693711,1046482.6815642458,88664603350.07219,0.014089041576666647,-2.9579583778306975,1862.5698324022346,19686.6172870504,0.0001605190355652795,-2.9900761895760835,0.35393258426966295,29348.217428355012,0.0004338829689713581,-2.9874789523958754,-167.13483146067415,195361212894.59988,-0.00017946821691717393,-2.973758584458623,-0.28089887640449435,42570.14581492238,0.00024212856464108368,-2.98772591542867
9994.486033519554,13585.843904965168,-1.823790854688396e-05,-2.990709724984791,1053828.4916201117,91601115812.88055,0.013581807194003887,-2.9604820185535154,1875.6983240223465,20515.661289310126,0.0005279208708069642,-2.9902131582152047,0.9691011235955056,26093.815056495398,-0.0010955159608601942,-2.9866990590045317,-5732.303370786517,197196957509.863,-0.0003138287750920193,-2.974437301579393,2.2471910112359548,43056.747885367986,-0.0005679300969069727,-2.987049200406086
10013.106145251397,13596.63192831586,-0.0007653011758822716,-2.9900921633332307,1044783.2402234637,83936095756.8577,0.014032498314049912,-2.9580191443020074,1878.7709497206704,22552.41353336264,-0.00018419227693182005,-2.9907448337144493,0.9522471910112359,26471.645191579333,0.0012119856505676022,-2.9865137159740094,507.86516853932585,185238289292.0718,0.00017962831074947363,-2.9734298761205022,0.28089887640449435,42570.14581492239,6.338843108863762e-05,-2.9874600044180717
9995.432960893855,13469.810087251275,-3.1430801641097235e-05,-2.990153618185147,1048548.6033519553,88105078326.69008,0.013580722878565267,-2.9604936652699667,1865.0837988826815,21765.58282593684,0.0004942643387243501,-2.990061611284214,-0.1348314606741573,30839.619460926628,-0.00010308147869933507,-2.988286874346875,-164.88764044943818,198211648724.9874,5.871744294554928e-06,-2.975071208434768,0.8426966292134832,43945.9190758743,-0.0005796729813372616,-2.987366652079796
9984.396648044692,13528.327741510258,0.0007495855242986168,-2.9900060026526973,1054898.3240223464,89406824519.64726,0.013563104377893435,-2.960506566746553,1878.2122905027934,21151.842320005027,0.000264706265589448,-2.9903825692887978,-0.48876404494382025,27295.421222067922,5.828430615937436e-05,-2.986620325370227,5285.393258426966,195391732146.1935,0.0001348439238870169,-2.97442695760658,0.5617977528089887,39185.07764171194,0.0007242449117646357,-2.9860634078755646
10000.628491620111,11910.609801644598,-9.424652655941726e-05,-2.989872556158299,1051719.8324022347,92485153944.35374,0.013585267786036626,-2.960530503847398,1837.4301675977654,19546.167848848152,0.0014807737608596712,-2.9899368386042733,-1.5337078651685394,19498.448301982076,0.0004680685473293441,-2.98399433811197,-168.53932584269663,203256694712.4731,1.0377917496035692e-05,-2.9750777332666556,0.8426966292134832,38974.008963514745,0.0003950061259968527,-2.986613205674038
9994.486033519554,13298.577051032586,0.00020217533379960124,-2.990124387167356,1052800.279329609,93129146643.17995,0.013583291435405362,-2.960529655382058,1850.8379888268157,23440.305065595392,0.0012299221188070788,-2.990636781706348,-0.5646067415730337,26632.286556305997,-0.00039304166666261824,-2.9869442644706767,-5673.314606741573,200674063740.1369,0.00012143279792724676,-2.974139095731893,-1.404494382022472,42203.083575306155,-0.0001673251597936845,-2.9862067716264007
9999.32122905028,12891.189771514652,2.866406288221529e-05,-2.989855106728566,1049575.9776536312,92056087144.40398,0.013593888670405225,-2.9604824912318506,1853.6312849162011,18427.75092586781,0.0013692249821004906,-2.9889381548464566,0.7837078651685393,25310.76080198206,-0.000767236047245892,-2.9859206112949797,-167.97752808988764,202373116502.651,7.446203564182745e-06,-2.975074004070576,0.28089887640449435,35210.5952531246,-0.0010077978999249056,-2.9863297222425618
10000.326815642458,13663.52320946582,-0.00017723076274576876,-2.990210672050602,1047447.2067039106,91765137295.52446,0.013594281812733878,-2.9604219937069365,1865.9217877094973,22989.454522628836,0.0005464578618675634,-2.9906637727837615,0.7162921348314607,27639.53608288093,-0.0005351430468768185,-2.9869656699010143,4893.258426966292,196990917623.09058,8.029808813807428e-05,-2.974426588750312,0.8426966292134832,44788.615705087774,0.0006621256149310619,-2.9862483446141312
10013.416201117318,13924.459230431245,-0.0005884320157294803,-2.9902231774261376,1048472.0670391062,88772406743.45618,0.014070675074210616,-2.9579941232365385,1843.0167597765362,20330.17387483522,0.0012342789210098488,-2.9899978687148048,0.016853932584269662,23301.707581113486,-4.724273993901734e-05,-2.9861189595851676,-172.19101123595505,195807367836.21063,-0.00018166895571030572,-2.9737544740931705,-0.28089887640449435,43665.65143289989,-0.0011387899704445638,-2.9878346620704197
9994.13407821229,13273.642034398343,0.0006789077113372565,-2.989860825750974,1050339.1061452513,93083779641.8932,0.013563149704531317,-2.9604744618280368,1868.4357541899442,22888.550624568463,0.00021795774647994468,-2.990455922874429,0.4297752808988764,26603.24647298322,-0.000720714572025631,-2.986512112223741,507.86516853932585,203381829881.95932,-1.69282462765476e-05,-2.9750672059612056,-0.28089887640449435,50379.134578967285,0.00048484034901828557,-2.988196928934737
9997.234636871508,13854.787332873027,-7.256204249870917e-05,-2.990226809100771,1054941.6201117318,89426512513.65259,0.0135630240565158,-2.960507186101745,1869.5530726256984,23941.372167472207,0.00024512044805885286,-2.991098908583432,1.6853932584269664,31542.589224845353,0.00017899310395360244,-2.9876518704369914,5281.179775280899,195427935642.99002,0.00013147040604969985,-2.9744274048784947,-1.6853932584269664,46008.39540462059,0.00018178224412882768,-2.9861705650482495
10001.784916201117,13275.373422886198,0.000243542678674938,-2.989767654830147,1046384.3575418994,87844829585.39957,0.013569308671277433,-2.9604648242533265,1858.1005586592178,20818.843763731085,0.0015956910942869983,-2.98999907734834,1.5926966292134832,25748.29618261583,7.984199359434539e-05,-2.9849246077191713,-167.41573033707866,197375087674.22052,7.0343228973179026e-06,-2.975058976371583,-0.8426966292134832,36754.907839919244,0.00020896038899880672,-2.9855223886413933
10010.189944134077,12622.769898311471,-0.0007277085561422946,-2.9897270327110452,1049543.5754189945,92074163511.86368,0.01359404693493872,-2.9604816783812815,1860.0558659217877,20656.73843449879,0.0009423888966442715,-2.989989799743942,-1.3061797752808988,23909.13237754071,0.0007977006222026149,-2.9864149195166223,-171.06741573033707,202406329457.84946,7.677559712045694e-06,-2.975072132851519,-1.1235955056179774,44914.4678702184,-0.00034307898445459637,-2.9865328294245437
9996.371508379889,15087.306430858072,0.0003363349059522581,-2.9907398628685535,1049580.7262569834,90678714528.12125,0.013583061378952845,-2.9605350134196127,1858.1005586592178,21689.630280585006,0.0005055844058306231,-2.990145004172843,-0.3202247191011236,30839.004197702307,-0.00033488375637134003,-2.98695731932549,-5508.146067415731,195904275481.3946,-0.0002828112648041589,-2.974443997669518,-1.1235955056179774,44745.92854437571,-0.0002707475398285106,-2.9876910878419114
9998.508379888268,13077.037850731278,-0.0004609116893293148,-2.9899863744519086,1053810.3351955307,89586840889.77463,0.013582980494029182,-2.9604500708266515,1850.558659217877,22640.13558470906,0.0012391314739090425,-2.9904010594557615,0.9016853932584269,25314.278255586432,0.0009167114181301493,-2.98519507851614,-164.88764044943818,200746663472.17822,9.047034379129135e-06,-2.9750614905926063,-0.5617977528089887,45561.482136093946,-0.00012612514838043323,-2.9857973688968538
10010.005586592179,13198.241541648356,8.485488254052886e-06,-2.989888157269892,1050297.4860335195,88833608041.39723,0.013554107049027193,-2.960470773665773,1870.9497206703911,20752.463749921524,0.0005256353917012217,-2.9903494216094995,-0.5224719101123595,25828.564101754833,-0.0005479955015927167,-2.9855508232092887,506.7415730337079,199186948128.70834,-1.8597655238183198e-05,-2.9750668835706255,0.8426966292134832,46277.379750031614,0.0005668441748196555,-2.9876380001560547
10000.09217877095,13709.355219383593,-0.0003377704596376748,-2.9902007793983434,1052758.3798882682,88868594423.76494,0.013577095704913897,-2.9605170653138773,1885.7541899441342,19276.25384470529,0.0001821466599623535,-2.9900631341118564,-0.033707865168539325,27050.130886251733,-0.0007280619867567343,-2.986741046422119,5168.820224719101,194716979687.93387,0.00011923088778403193,-2.974435065284118,-0.28089887640449435,37513.96603964148,0.0003542113422348072,-2.986726320627917
10006.72905027933,13118.823645722174,-0.000861823791716277,-2.9902308047525574,1052587.7094972066,94264222404.2747,0.013552237500722134,-2.9605729192789467,1875.4189944134077,22622.71671583703,-8.430379855595936e-05,-2.990325999013378,-1.0280898876404494,24735.24078399191,0.0007658522806002027,-2.9857716757227855,507.30337078651684,208343045985.98648,0.0003250376934218402,-2.9747361917308894,1.1235955056179774,46740.310566847635,-3.8961961630998296e-05,-2.9876163776611078
10008.019553072625,11176.944840248572,-0.0005597334117846084,-2.9890186646088504,1047445.251396648,88398702266.64996,0.013566852648547826,-2.9605389952684815,1850.2793296089385,19143.179963593007,0.0009185803426727807,-2.9897264836770727,0.5140449438202247,23346.83547689687,0.00026840922854944803,-2.9869711496824594,-168.25842696629212,198272216899.7759,9.116345123998443e-06,-2.9750719399788887,0.0,38426.96629213486,-0.00013749495318201538,-2.986239713924296
9999.103351955308,13834.15077521813,-3.903996617032837e-05,-2.990373765729415,1047457.8212290503,91791527803.65326,0.013594324047091565,-2.96042070556991,1865.6424581005588,18911.242232126067,0.0009847496877273434,-2.9896496662338987,0.9438202247191011,28366.805832596878,0.00020662600150758186,-2.9876831591304946,4885.393258426966,197030073634.95773,7.945391096543118e-05,-2.97442708168732,-0.8426966292134832,41530.18873879566,-4.889949151292215e-05,-2.9869344766759607
10012.754189944135,13741.517889649105,-0.000821232013458848,-2.9901912857953965,1047474.0223463688,88354554026.4264,0.013567089690950981,-2.960536489739626,1852.513966480447,22226.790534178643,0.0011132019227095892,-2.9905699264822156,0.09269662921348314,25301.961912952913,-0.0010726662815692004,-2.9857347914574697,-169.1011235955056,198171605421.6641,6.5132604951676155e-06,-2.9750720174999117,-0.5617977528089887,41853.6169675546,0.0013646700014532604,-2.9854829392493256
9999.849162011173,13447.974311091582,-0.0005423072422483784,-2.99044547770661,1051691.8994413407,92505560313.22577,0.013584244990035767,-2.960534636399057,1853.9106145251396,23102.598706923585,0.0016154804392016781,-2.990538009997801,-0.25280898876404495,27267.079346042163,0.00013226335205188076,-2.9869490944358543,5117.696629213483,198304975346.9416,0.00010813408642316826,-2.9744404662186046,-2.5280898876404496,50091.923368261596,-0.00017916038763138173,-2.9871422342882883
9996.513966480446,14148.925365639323,0.00034295154068174436,-2.9901301843072225,1053807.2625698324,91565034946.95885,0.013582353285717226,-2.9604800446342896,1840.5027932960893,20527.273868558183,0.0011472792069713812,-2.990813840960583,-0.27808988764044945,28566.744295227876,-0.0002628585817118834,-2.985683083982151,-5728.651685393259,197132423336.38434,-0.00031376608219317375,-2.9744362919858034,-1.1235955056179774,40476.2656230274,0.0004385460328964135,-2.986565827109252
10002.296089385474,13396.38093967736,-0.00020343868877607536,-2.990033852949118,1047453.3519553073,88351818331.39792,0.013566443398765672,-2.96053913423712,1849.1620111731843,24535.810683572945,0.0013727953073859806,-2.990604622090848,0.35393258426966295,26205.9281025123,0.00022087001427806307,-2.9870272686664197,-171.62921348314606,196664099490.04218,8.842762120711067e-05,-2.974842619894672,0.0,44971.91011235957,-0.00042946272701015767,-2.9864748268160914
9988.05027932961,13411.463749921535,0.0009904173047069742,-2.9898702406221265,1047135.1955307262,89630242911.61884,0.014047881304252621,-2.9580245884624037,1858.659217877095,21427.40568702533,0.0005171042017564844,-2.9906546846547637,-1.7275280898876404,27807.154691642456,0.00042018168596770754,-2.987559107263487,507.02247191011236,196310301902.93195,-0.00020532771119049717,-2.973762437108569,-1.404494382022472,45461.51054159829,0.0006062017514235175,-2.9870303342187645
10002.874301675978,13663.993942627578,-0.00018432861592410533,-2.990082335134416,1048506.4245810056,90302525028.71758,0.0135201074105826,-2.9609435831113595,1856.145251396648,23726.068671144287,0.0010743481720551986,-2.99047345366478,0.008426966292134831,26660.540659323317,0.00030547126433759535,-2.9865702688752886,-5446.6292134831465,195374086870.6602,7.263044073436442e-05,-2.974370038585891,1.404494382022472,50939.03863148591,-7.802065858994216e-05,-2.9882259294708295
9997.77094972067,13737.523083924429,0.00038105982578009003,-2.9893887701169075,1048010.3351955307,89573374541.46007,0.013552594283513627,-2.9605127746700903,1865.9217877094973,19843.38710689851,-0.00036559133522691943,-2.9900519134067607,0.1601123595505618,26627.472959537925,-0.00048111006164558515,-2.98617678858215,-4609.831460674158,194753537810.6457,-0.00028246538509902106,-2.974439905782875,1.1235955056179774,38481.883600555506,0.0009288515131756029,-2.9856268396431096
10005.220670391062,15884.730525390745,-0.000597889055532382,-2.9905948228162162,1048023.4636871509,87580032901.41864,0.013546618992908935,-2.9605233148597816,1839.3854748603353,21122.653945138423,0.0020287789026212414,-2.989535804938781,1.1376404494382022,35640.311111286486,-0.0006664892558188662,-2.987037282036304,504.77528089887636,194721469373.2641,0.00015781535641992738,-2.9747740588685434,1.9662921348314606,42791.077515465215,-0.00022269223607296356,-2.986006830584645
10005.203910614526,12895.996108216683,-0.000381699464745837,-2.9894037184127833,1047451.9553072626,91752605965.25645,0.013594184080688949,-2.960422396404286,1867.877094972067,21869.62525892914,0.0003780006357041417,-2.990561586247818,-0.24438202247191013,22890.416401022598,-9.111273081641817e-05,-2.986048025980521,-169.9438202247191,203453938211.7947,0.00023072779247994342,-2.9747676727073715,1.9662921348314606,47369.72920085844,0.00012522518072497383,-2.9876443974364455
10006.779329608938,14292.286705166025,-0.0006093368580293283,-2.9899917227766006,1052746.0893854748,93147636080.1268,0.013583756961526942,-2.9605271811975213,1865.9217877094973,21809.67924172997,0.00044065435178265136,-2.9903964244798944,-0.15168539325842695,30518.37024996844,-0.0002934584443904313,-2.9868487561946284,-168.53932584269663,204122148982.13602,4.521689305015062e-06,-2.975074751015227,0.8426966292134832,46277.37975003163,0.0014913546706702746,-2.9872864748198995
10000.896648044692,12743.254707802396,-0.0002749083998840357,-2.9899128382280735,1047479.8882681564,84901105829.20091,0.014080223438259615,-2.957938741114462,1869.832402234637,22258.96051723055,-2.408867139550022e-06,-2.990566338231751,-1.0786516853932584,27193.297184698924,-0.0001532472075217801,-2.985935400111381,-168.53932584269663,188147311678.76532,0.00010081997087759976,-2.973499600442012,0.28089887640449435,42766.775028405515,0.0009890533845302507,-2.9866802612253793
9988.217877094972,13461.12080220954,0.0009293749536577314,-2.9897870705628025,1052767.3184357542,93160666187.15083,0.013584476835300185,-2.9605251894915554,1872.0670391061453,21265.928064779342,0.00040591272792868367,-2.9904600364922294,1.2387640449438202,29317.69720521398,1.2029974025686414e-05,-2.9870857948342886,-5680.056179775281,200729181273.59222,0.0001175844217833674,-2.974137924366417,-0.28089887640449435,42008.34806211336,0.0006868548677139532,-2.9875321818866922
9998.575418994413,13651.41422384032,0.000687293039734656,-2.990362751925553,1054901.6759776536,93708149547.73714,0.013570636581969614,-2.9605149818705456,1869.5530726256984,21778.4508191576,0.00021743114490674052,-2.990856558357796,-0.12640449438202248,30149.263516285824,-0.0009021899456113115,-2.986936735261411,-167.41573033707866,205027697983.2091,5.657006920746482e-06,-2.975064189909237,1.9662921348314606,42341.63931321804,-0.0006027850125531907,-2.9874461358138573
10008.312849162012,12483.915620488353,-0.00039728155432223366,-2.9897467322953606,1050638.8268156424,90684713582.3238,0.013528324932880456,-2.9609279381771008,1878.491620111732,20953.329985562756,-0.00012867475716113135,-2.9906642353208808,0.33707865168539325,24357.830198207277,-0.00018939792376154724,-2.987098358797659,-5558.988764044944,196062734975.3819,5.453710392191733e-05,-2.9743732296301184,0.8426966292134832,44254.90783991926,-0.0005336269776697027,-2.9872187828637786
9990.77374301676,12488.548239281896,0.0003757233293526805,-2.9895365337999893,1052768.7150837989,91142872218.00262,0.013527754382405865,-2.960896995899084,1861.173184357542,20436.25635553324,0.00044119070013242523,-2.9900568586796314,1.2724719101123596,25580.61536579978,2.094650890594422e-05,-2.9857894596179677,-5674.438202247191,196720517338.16742,4.074827701840542e-05,-2.974370374982709,-2.2471910112359548,42691.57934604214,-6.410948111999669e-05,-2.9870342174516673
10000.184357541899,12737.291664051212,-8.420044485196908e-05,-2.9893396126764546,1046415.3631284917,92089859439.6146,0.013575399570696114,-2.9604787893134357,1844.1340782122904,23181.689787207335,0.0016830760831929453,-2.990211898513452,0.32865168539325845,25857.38496559778,0.000824323668602316,-2.986690907042428,-5336.516853932585,198870686335.05875,0.0001708565278598411,-2.9741079453561565,-0.28089887640449435,43834.190758742596,1.9493617146560568e-05,-2.986750680740995
10002.04469273743,12087.953047517422,0.00012951633728585694,-2.9894674111256223,1050270.9497206705,93053711595.16043,0.013562298136177963,-2.960478300434271,1854.4692737430169,22732.72236519994,0.0005927305353009456,-2.9906026278475824,-0.18539325842696627,24196.76900012626,-0.000501382667802747,-2.9866900151610567,505.05617977528084,205476849103.6486,-0.00019885688801787735,-2.9750633363890806,-1.1235955056179774,48650.422926398176,-0.00012667185892848123,-2.9873802973955867
9982.108938547486,13078.719807293957,0.0013057795040890595,-2.9894719226470365,1047426.8156424582,91774855035.30846,0.013593997745115625,-2.960422458104868,1830.7262569832403,22056.211160630195,0.0022699673508365377,-2.9896326027012345,-0.7584269662921349,26252.146698649165,0.00105940288118756,-2.9856481681246114,-168.53932584269663,201556586706.85507,1.0193559091901413e-05,-2.9750597941461088,-0.5617977528089887,42471.59449564449,-0.000770068679222016,-2.9863472117050165
9995.315642458101,14655.454585399539,-0.00012997034347053487,-2.9906161043472586,1054886.87150838,93689550037.34857,0.013571600708373674,-2.960509149456454,1852.7932960893854,20806.760404243305,0.0015629538872074906,-2.9900720051811893,-0.26123595505617975,29300.000576000486,0.000618543760768774,-2.9861873293633905,-5790.449438202247,201377410302.0451,0.00010680281170187482,-2.9741349654593834,0.28089887640449435,45351.0446913269,-0.0005213450731903597,-2.9871079173149955
9995.910614525139,11861.817808047204,0.0004910918748364033,-2.9888089524272092,1041422.0670391062,84925304552.44493,0.014054210366787912,-2.9580108914248373,1873.1843575418995,20934.184922478187,0.0005851385957573407,-2.9902959190162597,0.5561797752808989,24695.362012372178,0.00041614103679738016,-2.986619653373689,-170.5056179775281,186845966784.57578,0.00010553398062133364,-2.9735006892734166,1.404494382022472,37399.71278878928,-4.415407984227375e-05,-2.9870004210278434
10001.1312849162,13017.27620676668,-0.00034194312633238313,-2.9895125118497874,1049580.4469273742,88673813042.4957,0.013580112921141934,-2.9605277144249875,1865.9217877094973,21332.15115184234,0.00020934045185273188,-2.990615257245781,-0.16853932584269662,27599.988448428216,0.0005728783163633828,-2.9873811168737996,-168.8202247191011,199002993030.6306,7.534445006161592e-06,-2.9750767937065787,-1.1235955056179774,50223.45663426333,-3.866411175094102e-05,-2.9879689288581357
9988.385474860335,13690.36742828447,0.0006691665522975229,-2.989914183556153,1052575.6983240223,88299737397.68373,0.013560698532710873,-2.960439821498005,1856.4245810055866,21433.2119766493,0.0013257537645732487,-2.9895961261837134,-1.6685393258426966,26565.74687539454,-0.0004215863546567072,-2.986580238848812,505.05617977528084,199094912867.69345,-1.408775136049296e-05,-2.9750653688701933,-1.1235955056179774,44970.6476454993,-1.898061294968437e-05,-2.987731300076303
10003.184357541899,13359.45458539954,-0.00024096779875759305,-2.9904243152974868,1051674.3016759777,92485535038.1332,0.013585404082003719,-2.9605294041828647,1861.173184357542,20857.604670139972,0.0011128000688296813,-2.99014298242556,-0.22752808988764045,29611.932781530104,0.0002237634327214884,-2.987719817840901,-173.59550561797752,205189729667.97137,0.0002278753151045722,-2.9747960844756163,0.0,39382.02247191011,0.0005722618672110467,-2.985688388457769
9982.578212290502,13662.788792291754,0.0013786207133697072,-2.989430042066722,1050647.7653631284,92677941118.57385,0.013589866552487806,-2.9605215969680083,1861.4525139664804,21792.260372857952,9.34867509866649e-05,-2.9909914457260673,1.196629213483146,27280.67762908722,-0.0006214336487730753,-2.984751290405008,-166.29213483146066,203243027066.02686,9.221247454528507e-06,-2.975077646407467,1.404494382022472,43832.29705845221,0.0005104471542836053,-2.987626087217344
10003.075418994413,14527.22040361559,-0.0005441970853419215,-2.99048742332196,1046410.8938547486,92072650400.32013,0.013576152051481636,-2.9604757396313333,1868.4357541899442,20669.449500972947,-6.184900418789143e-05,-2.989795361961627,-0.7415730337078651,27278.525912132307,0.00021068994030726276,-2.9860591513893557,-5331.741573033708,198870358781.7982,0.00016647685496367764,-2.97410896160787,1.1235955056179774,39858.28809493754,-0.0007520045961082482,-2.986608373453458
10002.153631284917,14403.084410897001,0.00011087901383381874,-2.9903090019102683,1052581.843575419,88330285272.4248,0.01356067547953393,-2.9604401592264256,1859.4972067039107,24656.487351704232,0.0008921224718776913,-2.9911975798482753,-1.4915730337078652,30380.599648087344,0.0006098663967734049,-2.9869653213908856,509.5505617977528,199170506959.34836,-1.7697997469254448e-05,-2.9750658234565606,-0.8426966292134832,47653.78424441363,0.0007333495039687115,-2.987172400045689
10014.924581005587,13092.554673278513,-0.0007018894234101302,-2.9896769065894446,1048524.3016759777,92340162734.76244,0.013588010044779077,-2.9605019889766657,1863.1284916201118,19307.011487037853,0.0006916064296012104,-2.990169571192329,-0.547752808988764,25463.51878708496,-0.0002817580478426826,-2.9867316336487293,-167.69662921348313,204571719616.60455,-0.00017886207832224199,-2.975068179202789,1.404494382022472,42062.634137103894,0.0006078554520551952,-2.987648345788551
10005.916201117318,13319.386196723364,-0.00026520020109179404,-2.9901987403909938,1050343.5754189945,88824303539.95355,0.013555256910199681,-2.960462941796828,1860.0558659217877,22257.862030004417,0.000768380416951915,-2.9906635457376893,0.37921348314606745,31037.203107246554,-0.00026847846902869593,-2.9870881471354345,503.3707865168539,199098468162.795,-1.5828788936574884e-05,-2.9750650810479686,1.1235955056179774,43931.321802802675,0.0005049410738618411,-2.9868239860443118
9996.715083798883,14243.227355470473,-0.0004534791041344107,-2.9901914377050933,1049567.0391061453,90667163036.68951,0.013583845243019067,-2.9605318072739735,1865.9217877094973,22849.005084426608,0.0009712754992585233,-2.990483504023426,0.8258426966292135,25395.34607372808,-0.0006150042162279044,-2.9854028609553125,-5504.775280898876,195897927519.3315,-0.0002802755967730263,-2.974443351849093,0.8426966292134832,44058.278626436106,-2.783364391923153e-05,-2.986117244065638
9990.312849162012,13557.62067666813,5.0938919217667166e-05,-2.98981570319745,1042411.4525139665,88691289685.5188,0.014081689949668163,-2.957959988898538,1871.7877094972066,20252.965915510635,-0.00020947732721198018,-2.9896250061957295,1.601123595505618,26283.3268526701,-0.0014249410646687622,-2.986060663883327,-165.73033707865167,194511859190.7588,-0.0001816940071348454,-2.9737539932919366,0.5617977528089887,44409.79674283548,0.00019510137511831666,-2.987111677487106
9994.259776536313,13418.312755005958,0.00024117653228376143,-2.990105643267974,1050291.6201117318,93089170097.92227,0.013562248629342237,-2.960478899988269,1889.3854748603353,22695.68765300356,-0.0012359373192226872,-2.990761290986771,-1.4157303370786518,26981.992898623914,2.547390956348764e-05,-2.9852046210534042,-4551.685393258427,202163509660.0808,0.00028996075814099895,-2.9740512194796525,-1.1235955056179774,46993.11955561168,-0.0005015800941031197,-2.9872856028516104
9995.005586592179,12417.011204569699,0.0006251272202898989,-2.9894591228924203,1047464.8044692738,91783879400.38286,0.013594598501626877,-2.960419073636611,1860.6145251396647,20982.204506936145,0.000731684645632821,-2.9902349928004783,0.4550561797752809,26009.61595758113,-0.0014626049291664503,-2.9865197245914024,4887.921348314607,197034455373.76907,7.916548521610397e-05,-2.9744259268282773,1.6853932584269664,44042.10326978911,-0.000381634573906887,-2.9879063347992796
9999.32122905028,12266.245951289937,-4.322516448826307e-05,-2.9899402723426665,1051708.659217877,89098705977.9675,0.013585795602436408,-2.960495830580184,1867.31843575419,23715.240725629348,0.0006810646032076406,-2.9908641966111196,-0.699438202247191,26463.264999684412,-8.05675932397822e-05,-2.988052962314341,-167.69662921348313,199920964728.9641,6.5780876523306735e-06,-2.975072936520491,1.404494382022472,45939.038631485935,7.146512133592271e-05,-2.986141784439078
9999.312849162012,14195.154384533305,7.199305470685282e-05,-2.9902111970699594,1052715.6424581006,90992041102.25345,0.013579265578774181,-2.9605278501951853,1860.0558659217877,22201.68225472353,0.0010232056697804042,-2.9903368341819956,-2.0983146067415728,29125.702412889794,-0.0002105147465830592,-2.9866911330965813,-164.3258426966292,201977314724.54547,-0.00017818442959193086,-2.9750690374874003,-0.28089887640449435,42654.41547784371,1.967746241665751e-05,-2.986728257795992
9991.36033519553,12146.191058313976,0.0005577682059737272,-2.9890858537540925,1051661.1731843576,89093677149.73947,0.01358599066630275,-2.9604960925974644,1841.340782122905,19180.21467578935,0.0019073641249020355,-2.989261257001554,1.7780898876404496,23038.671261520005,0.00010377448663962824,-2.986239780889391,-166.85393258426964,199896027075.4956,7.56544328667381e-06,-2.9750728341003905,0.5617977528089887,37078.3360686782,0.0009775420302473071,-2.9854941748326986
9984.472067039105,13823.378428849412,0.0006842450268412186,-2.9896555735442196,1046396.3687150838,87835804382.8071,0.013569087163698739,-2.9604650923382527,1846.927374301676,22785.449752055756,0.0013141706357309968,-2.990398141963831,-0.7331460674157303,26758.67457549554,0.00022085268417068566,-2.9867268391360553,-167.41573033707866,195255062730.40024,-0.00018378573696252782,-2.975052768071179,-1.404494382022472,42736.79144047469,-0.0004478601696856047,-2.986546329902036
10005.203910614526,14199.226445295337,-0.0005925669573715014,-2.99074477281627,1050683.7988826816,90567707460.76836,0.013586429460647824,-2.960519406920171,1854.4692737430169,20373.17180340217,0.0008646378189568236,-2.9900578621689857,-0.8089887640449439,26796.213514707742,0.0006724124581106486,-2.987417727435296,-164.3258426966292,201119313853.7589,-0.00017956468059487148,-2.975071915141591,0.8426966292134832,39957.155030930466,-0.0001369652867844958,-2.987242130534788
9996.00279329609,12101.509823614339,0.00037318227414400866,-2.98943242743289,1048062.8491620112,87569528289.0277,0.013546927257244091,-2.96052130379467,1857.5418994413408,20350.10357165275,0.001201032727119169,-2.9900591860077945,0.8258426966292135,25280.39382653706,-0.00030350275805166623,-2.987009493364342,-4608.70786516854,190756367578.66733,-0.0002925716962165497,-2.9744413686011852,0.0,43483.14606741572,0.0006671752328507026,-2.9865933062055228
10007.659217877095,11818.402878036532,-0.0003462023078619467,-2.9894605689403284,1051714.8044692737,89078333501.50655,0.013586344972663145,-2.960495262104669,1862.2905027932961,21449.218504802004,0.0003686056206481038,-2.99060734476405,0.598314606741573,21401.427131990917,5.048716111722045e-06,-2.9868120581807074,-5619.101123595506,192546193708.181,-0.000309960578276421,-2.974439926900067,-1.9662921348314606,43914.67302108321,0.0009574404458502157,-2.987638370463046
10002.120111731843,13753.989705605418,-0.00018489225865451844,-2.9901659739307678,1042418.7150837989,88421247639.35101,0.014055448271853576,-2.957989957361203,1830.167597765363,20601.65714644402,0.001965722640067302,-2.989425231174028,-1.4831460674157302,27058.17106425957,-0.0006808930250571056,-2.9870266732334176,510.1123595505618,194186587903.35812,-0.00021124653444499157,-2.9737602520852375,0.8426966292134832,41558.27862643611,4.046775734205984e-05,-2.98512408036753
10014.17877094972,13945.807749042753,-0.001278865556250304,-2.989866901464567,1051705.8659217877,91088512254.7235,0.013586932685947418,-2.9605133195123696,1854.4692737430169,23322.61000564937,0.0005183277232746183,-2.9909302996328058,-0.8426966292134832,27842.003345537185,-0.00019365348944762721,-2.986864431190992,-5619.943820224719,196539855206.17645,-0.0002997677180555014,-2.974442495092488,0.0,47921.34831460675,-0.00021316617485549877,-2.9874258007272325
10001.055865921788,13816.73562551001,-0.0003821416710826422,-2.990225609400545,1050287.7094972066,93064033752.58928,0.013562727036755314,-2.9604762793918775,1886.8715083798882,23885.663172431123,-0.000605910065729444,-2.9907450754484044,0.025280898876404497,26396.304136157054,0.00010678993923744879,-2.987047322457886,510.1123595505618,203339928942.68393,-1.6553997769845287e-05,-2.9750680883159517,0.8426966292134832,47738.053907334994,4.255634838707044e-05,-2.9869863410166655
9998.081005586591,11874.160536061761,-7.961596832592075e-05,-2.9895259928857554,1047982.1229050279,87557472459.5129,0.013545659454018064,-2.9605296073685485,1879.608938547486,23416.138346619828,-7.34272450216695e-05,-2.9909579697748043,0.23595505617977527,25117.88252745865,0.0002084112857779995,-2.9871367514944236,-4603.3707865168535,190713292600.9973,-0.0002903720978047374,-2.9744437445679224,-0.5617977528089887,47808.6731473299,0.0003102747649002444,-2.9869975529748203
9979.117318435754,12554.151889398034,0.0011830740269052906,-2.9892950745617317,1044454.748603352,88674468839.68367,0.014092096482149284,-2.9579533997243246,1863.6871508379888,19909.92404745466,-0.00018829361471175775,-2.990461263925975,-0.21910112359550563,24743.02502840549,0.0004967123423220229,-2.985315144793847,-168.53932584269663,195018522830.45068,-0.00017997217071219474,-2.9737599145580065,-0.8426966292134832,42962.77300845855,0.0001249703785792929,-2.987196148932035
10017.195530726258,12094.894137216745,-0.0008929777474505337,-2.989073582788365,1047518.7150837989,89879292358.45206,0.013519765588233212,-2.960902962180752,1845.5307262569831,20682.16056744711,0.0015445521439830705,-2.989688332072907,0.3876404494382023,23158.46771241005,-0.00014522418512990447,-2.986669043333964,-169.1011235955056,199704407387.95605,0.00015971317467093052,-2.97501005728394,-0.8426966292134832,41670.6381769979,0.0006848928564386302,-2.986164629808973
10005.120111731843,12529.964424706539,-0.0006019458191289854,-2.9892921300372404,1048529.8882681564,90213481447.17847,0.013583598361991508,-2.9604996216240322,1867.877094972067,19734.793798254977,0.0010792334050207673,-2.9900331726054605,1.2808988764044944,23567.058736270665,-0.00029976162621282195,-2.9870184201667223,-172.19101123595505,200315201628.3455,-0.00018076637881067175,-2.9750667743738726,0.0,36516.853932584294,0.0014876021181641863,-2.987096750520644
10003.611731843575,13289.627895298476,-0.0004636991317288718,-2.9900754565798824,1051701.1173184358,89066233144.81207,0.013585456443516334,-2.9605007191987873,1882.68156424581,22423.105894168675,-0.0005650437059542831,-2.9903604618623008,-0.9269662921348315,25917.320508774155,-0.000684623935253476,-2.9870529498991987,-173.31460674157304,199793668037.8898,6.94942236678503e-06,-2.975074049525246,-1.1235955056179774,47414.467870218425,-0.00019318948757664946,-2.987064068400431
9992.307262569833,13850.444385161007,0.0005076757264162244,-2.990322693141993,1052561.1731843576,90991307542.99792,0.0134817045423776,-2.961022674343556,1866.4804469273743,22802.711694181125,0.000343146423519372,-2.9906269374787877,0.33707865168539325,31000.436939780324,0.0006813657709906352,-2.9879870005057785,505.05617977528084,201777551996.907,0.00024189380678270696,-2.975000271758522,1.6853932584269664,46120.75495518237,0.00012038073844738459,-2.9864778793556876
9986.508379888268,13031.026614776223,0.0006259204909223038,-2.9897908799344006,1050321.5083798883,88840212105.01532,0.013553566313499438,-2.9604709856547458,1854.7486033519554,20581.256669386705,0.000950469926400817,-2.9901696056466425,-1.1629213483146066,26195.271209443254,-0.0006107222411437039,-2.986667473835955,6067.134831460674,193642906714.82468,0.00012764590314339315,-2.974436714066968,-1.404494382022472,39983.98245171066,5.344007411380582e-05,-2.9857472696931677
9989.784916201117,11845.586906032268,-0.00010198855281249888,-2.9889814754669466,1046398.6033519553,92091864197.47664,0.01357593153075486,-2.960478106079136,1857.8212290502793,21932.86673780679,0.000945085985811809,-2.990699958940681,1.6938202247191012,20275.180130349694,0.00039766371819909777,-2.9854378140776507,-172.75280898876403,201645309608.7141,9.0555657905499e-06,-2.9750613023511656,1.6853932584269664,49126.37293271047,-4.74576007145128e-05,-2.9881193140672697
10003.234636871508,12338.211490176393,-0.000704714411486616,-2.989413101037585,1053848.6033519553,89608041135.67888,0.013583253270204258,-2.9604504073405686,1890.2234636871508,21631.410457598373,-0.001036100266317135,-2.990181855115207,-1.4662921348314606,24246.504481757358,-0.00013532197087187656,-2.9865137763256286,-5735.674157303371,193239912730.16357,-0.0003231117164044906,-2.9744328849965913,0.0,41404.49438202247,-0.0007040727606723247,-2.986440000242319
9985.737430167597,12176.958759650992,0.00011983838002736416,-2.98941335857962,1049583.2402234636,88698674296.18356,0.013580056547617207,-2.9605288938851904,1855.5865921787708,22777.603414726007,0.0005456719979689732,-2.991305224942549,0.042134831460674156,23200.11479768969,-0.0005037325187887535,-2.9859324212300624,-169.6629213483146,197572482141.4594,8.649185677933954e-05,-2.9748460376737094,0.5617977528089887,45589.57202373436,0.00043550941775645806,-2.9872041747075277
9996.572625698323,12721.5312127299,0.00020878239349153135,-2.9889600443801503,1047419.5530726257,88353672564.9677,0.013566361636634773,-2.9605386356584766,1853.072625698324,22167.472223965837,0.0012362000619636363,-2.990164232905616,-0.7752808988764046,26915.441074359296,-0.00025973210845019917,-2.9861349098334333,-173.03370786516854,196655402531.24606,8.928647867567242e-05,-2.974841780752168,-0.8426966292134832,49142.54828935745,-0.00042569596563092187,-2.9876948986778027
10009.662011173185,13077.937088067296,1.728580805067366e-05,-2.989652631874871,1051699.720670391,92517235800.48332,0.013584480293417559,-2.960534525659583,1856.145251396648,24540.67541271734,0.0008708966000405189,-2.9912070617839395,0.05898876404494382,25783.062531561674,-0.0001474974496440995,-2.987411431071136,-166.57303370786516,205256525638.25595,0.00022705153008622609,-2.974799034903763,-2.5280898876404496,51187.4289862391,0.0002716336968732606,-2.9878110918101526
9987.254189944135,11362.913957064839,-0.0002572297901329024,-2.9897498238369047,1042428.2122905027,88665358651.84235,0.014081627396925879,-2.957959450293015,1864.5251396648046,23270.981106019706,0.0003399555112684224,-2.9909870248483728,-0.48876404494382025,21548.718974876912,-0.0005247050680645994,-2.987414492726435,-167.69662921348313,194488397790.76178,-0.00018112280367061438,-2.9737532835606864,-0.5617977528089887,48033.39224845348,-0.0014447293052454835,-2.9867233663405286
