5247.613636363636,122.51585623678645,0.0012807294538551327,-2.9598671866714383,549272.7272727273,24418955517.9704,0.04908002915154099,-2.8472231246612236,1973.8636363636363,638.2135306553911,0.0020446154742958136,-2.977605316291087,14.44767441860465,73.5684829637642,0.006034198061218874,-2.951034407916635,124317.44186046511,38743207079.50243,0.028156079750650164,-2.9390483346846294,30.232558139534884,597.620335316387,-0.009729235107705562,-2.973107774578363
5250.198863636364,174.26912658562367,-0.003331373906387231,-2.9664976003459174,555959.0909090909,27177527938.689205,0.058303410549061664,-2.799246282410031,1971.590909090909,627.6427061310781,0.006185284190689728,-2.9761059156154848,15.232558139534882,118.47789345592213,0.008539490606519073,-2.9625203495979147,105297.67441860466,45105098017.84749,0.041034871076841006,-2.8952151815114,26.74418604651163,621.9578150351542,-0.0031789936644556153,-2.976828063241107
5251.022727272727,116.44423890063425,-0.007655002880894984,-2.9504779866486595,561268.1818181818,28267517103.594074,0.04538521419463296,-2.8709862408115967,1975.0,639.53488372093,-1.5975746204561455e-19,-2.977789256198347,12.877906976744185,106.72491887506762,0.014830786315838443,-2.9472138837577013,120575.58139534883,44574820857.22013,0.02982211637174895,-2.9360786824034304,25.581395348837212,624.6619794483502,-0.0010573684209073595,-2.9772235340417157
5250.965909090909,102.82439217758986,-0.004342557550204933,-2.9528650727759747,549265.9090909091,26573524159.619446,0.047165433500878345,-2.863831569174288,1971.590909090909,627.6427061310781,0.006185284190689732,-2.9761059156154848,11.976744186046512,66.58666846944298,0.02173925719572629,-2.9267805684140193,108459.30232558139,39834544215.79233,0.03346753556494975,-2.9256682932877167,22.093023255813954,616.5494862087621,0.005321510293077801,-2.976026714513557
5250.454545454545,156.32928118393235,-0.005595848791934554,-2.961409075382259,561519.3181818182,36201647699.5243,0.05050740769052466,-2.846711949849328,1971.590909090909,627.642706131078,0.006185284190689728,-2.9761059156154848,13.837209302325583,93.85140616549485,0.013934047250487762,-2.9438414998879447,139227.90697674418,47776001663.06111,0.027987119183267982,-2.9393444205622243,30.232558139534884,597.620335316387,-0.00972923510770556,-2.973107774578363
5250.426136363636,145.49005681818184,-0.0038410265965110545,-2.9564786727467385,558229.5454545454,31000953176.53276,0.05187362172725939,-2.838251843024027,1975.0,639.53488372093,-1.5975746204561455e-19,-2.977789256198347,13.284883720930232,111.62959707950242,0.016790637478002756,-2.941970336234536,132941.86046511628,44481081038.399124,0.028361947283964684,-2.93843272534757,34.883720930232556,527.3120605732827,-0.019564283227752634,-2.960431235431235
5248.096590909091,120.31167415433403,0.0033961507041877607,-2.9602973376812063,558442.0454545454,27238809644.556023,0.049833899353782546,-2.8484332872385374,1977.2727272727273,634.2494714587735,-0.004101989890511409,-2.9770488980716254,15.203488372093023,90.32923201730667,0.00561878815616591,-2.954467290189284,117062.79069767441,38103722452.67713,0.03160482945230063,-2.9297822360772825,29.069767441860463,608.4369929691723,-0.00749961737622096,-2.9747979797979798
5247.784090909091,121.57439217758984,0.004982766688069389,-2.953581373098434,569514.7727272727,26388273439.482033,0.048801499648545285,-2.8498313486076645,1973.8636363636363,638.2135306553911,0.002044615474295812,-2.977605316291087,12.5,54.43313953488372,0.008513421960691605,-2.941568427766536,129004.6511627907,42136125327.20387,0.02812757874134472,-2.939506134273926,29.069767441860463,608.4369929691723,-0.0074996173762209625,-2.9747979797979798
5248.380681818182,137.39676929175477,0.0024829088354562045,-2.9600612520250906,546269.3181818182,21134829094.87315,0.056501743155377634,-2.8069139659293563,1969.3181818181818,606.5010570824526,0.010486942102094002,-2.9729503141936298,12.412790697674417,79.24384802595998,0.008557122912600088,-2.95096524199776,98253.48837209302,32170202255.273132,0.035626482542079264,-2.9170160120826822,30.232558139534884,597.620335316387,-0.009729235107705562,-2.973107774578363
5244.943181818182,142.72925475687106,0.009767230825344173,-2.9566255197545472,568521.5909090909,34893612488.10782,0.05127891782133558,-2.8435126221971143,1976.1363636363637,638.2135306553912,-0.002044615474295813,-2.977605316291087,14.476744186046512,100.16224986479178,0.007071389563510265,-2.9548435424859196,137169.76744186046,48030752109.24824,0.028404548945599347,-2.938771593759705,26.74418604651163,621.9578150351542,-0.003178993664455617,-2.976828063241107
5250.909090909091,138.83456659619452,-0.004773915715270778,-2.9592871553151077,558748.8636363636,31138875521.934464,0.051911031006966944,-2.8382306730017497,1971.590909090909,627.6427061310778,0.0061852841906897315,-2.9761059156154848,13.517441860465118,99.43719578150355,0.023413587251973747,-2.9274884900938294,125162.79069767441,49831622801.514336,0.03312988340764423,-2.9213211296438906,27.906976744186046,616.5494862087618,-0.005321510293077802,-2.976026714513557
5247.017045454545,151.54185385835095,-0.00021501062851054189,-2.9646097093827133,558695.4545454546,28182445211.416492,0.04716147449850022,-2.8665818636309406,1972.7272727272727,634.2494714587735,0.004101989890511403,-2.9770488980716254,16.569767441860463,103.64048134126553,0.001619630468191878,-2.9600558603298426,121347.67441860466,44672943831.80096,0.029543579141064896,-2.937135213550059,25.581395348837212,624.66197944835,-0.0010573684209073603,-2.9772235340417157
5249.090909090909,137.30840380549682,0.004452321281347462,-2.956622007257718,549984.0909090909,32420728694.50316,0.05157555036093968,-2.8401020761655698,1969.3181818181818,606.5010570824528,0.010486942102093996,-2.9729503141936298,12.529069767441861,62.31746890210925,0.016458709856777814,-2.9317505164522957,121240.69767441861,42332898285.55977,0.03205060640177813,-2.9283702610069087,20.930232558139537,608.4369929691723,0.00749961737622096,-2.9747979797979798
5247.414772727273,136.58413715644824,0.0009415159237773688,-2.959792306597095,569048.8636363636,30420088777.74842,0.05027809931373,-2.8459596095314224,1978.409090909091,627.6427061310778,-0.0061852841906897315,-2.9761059156154848,13.69186046511628,100.57801514332074,0.00829607961411588,-2.9596314746557995,129227.9069767442,45857089686.31692,0.028510087153279774,-2.9384845837347,24.418604651162788,624.66197944835,0.0010573684209073601,-2.9772235340417157
5249.545454545455,145.28276955602539,-0.004104272572861767,-2.9601508979574715,549632.9545454546,26837517086.4165,0.04741949825363863,-2.862871416706584,1979.5454545454545,618.3932346723045,-0.008308493291000243,-2.974751889524617,14.069767441860465,74.71606273661438,0.008216265316059101,-2.9570896854602284,108754.6511627907,40198619629.52947,0.033506004594047394,-2.925522789096017,18.6046511627907,584.0995132504057,0.012028130608117187,-2.9709069865319866
5248.465909090909,143.44939217758983,-0.002992107604284306,-2.95766852469844,549137.5,32244552340.11628,0.05140474444179033,-2.8410418341643386,1978.409090909091,627.642706131078,-0.00618528419068973,-2.9761059156154848,14.244186046511627,89.98107084910764,0.0065084006024203455,-2.952944980139113,132334.88372093023,48552662969.17253,0.02871915797254612,-2.9377232765156718,23.25581395348837,621.9578150351543,0.0031789936644556166,-2.976828063241107
5249.176136363636,137.78656844608875,0.00032499703446797816,-2.9616683061276845,568622.7272727273,34815996680.76109,0.051147999025106076,-2.844341262993205,1972.7272727272727,634.2494714587734,0.004101989890511405,-2.9770488980716254,12.936046511627906,73.53806111411576,0.013025823948380765,-2.937648546673102,137358.13953488372,52282558480.25958,0.028585352563375015,-2.9385411587596404,22.093023255813954,616.5494862087618,0.005321510293077803,-2.976026714513557
5249.772727272727,118.47912262156449,8.704637193438316e-05,-2.9575089515154835,549329.5454545454,32402193525.369984,0.051486948417845915,-2.840758158129993,1972.7272727272727,634.2494714587735,0.004101989890511407,-2.9770488980716254,13.139534883720929,86.4369253650622,0.017705503512244123,-2.9320168133257893,121618.60465116278,42365128956.192535,0.032038002621599525,-2.928497672888003,27.906976744186046,616.5494862087619,-0.005321510293077802,-2.976026714513557
5248.551136363636,136.18773123678645,0.0038542968656613934,-2.9610380885230003,549176.1363636364,32425816801.004223,0.05151510031940478,-2.8403344568366373,1972.7272727272727,634.2494714587734,0.0041019898905114045,-2.9770488980716254,13.75,75.4360465116279,0.018755707264779462,-2.934957872520521,132783.72093023255,44774913223.36397,0.02848691098516643,-2.938143147066241,26.74418604651163,621.9578150351543,-0.0031789936644556153,-2.976828063241107
5251.221590909091,90.80586020084566,0.0001233380314291838,-2.9624694444908424,568459.0909090909,34810623054.96829,0.05124365468932371,-2.843793034589862,1976.1363636363637,638.2135306553911,-0.0020446154742958128,-2.977605316291087,12.703488372093023,59.58795294753922,0.005462397359966634,-2.949460948396207,136981.39534883722,47970336165.49484,0.028399326374277615,-2.938850005095374,19.767441860465116,597.620335316387,0.009729235107705562,-2.973107774578363
5248.039772727273,145.95913715644824,0.0009600069177158645,-2.9601556554379935,549656.8181818182,24560162975.687103,0.04910768106317261,-2.846379739925929,1980.6818181818182,606.5010570824528,-0.010486942102093989,-2.9729503141936298,16.22093023255814,76.92502704164414,0.004309704457740571,-2.944344848578678,124359.30232558139,38808102704.16441,0.028187142278691863,-2.9388482827577467,20.930232558139537,608.4369929691723,0.007499617376220957,-2.9747979797979798
5252.414772727273,137.3835557610994,-0.01160317257611008,-2.949751610663226,558593.1818181818,31018249952.43129,0.051774706513581216,-2.8388159105877064,1976.1363636363637,638.2135306553912,-0.0020446154742958145,-2.977605316291087,13.982558139534882,106.99533531638727,0.020675420574177046,-2.9329259072882983,122201.16279069768,45425970289.3456,0.032289342557220935,-2.927492448806802,29.069767441860463,608.4369929691724,-0.007499617376220958,-2.9747979797979798
5251.846590909091,117.6953950845666,-0.005050911014916456,-2.954134227946754,561715.9090909091,23553066252.642704,0.04720335092722669,-2.850467168875995,1972.7272727272727,634.2494714587734,0.004101989890511406,-2.9770488980716254,13.517441860465118,64.33545159545699,0.01877740817814421,-2.9141636971341733,127126.74418604652,38471122017.30664,0.02758484426025665,-2.9398574011969383,30.232558139534884,597.620335316387,-0.00972923510770556,-2.973107774578363
5247.073863636364,106.5365684460888,0.0016759581112729897,-2.9562568923331374,557985.2272727273,27278984834.830868,0.0500659688775443,-2.847142696681091,1980.6818181818182,606.5010570824528,-0.010486942102093994,-2.9729503141936298,11.424418604651164,52.29515954570038,0.009639818615001553,-2.9435617322697305,116946.51162790698,38167596557.5987,0.03171715314159064,-2.929344341312906,25.581395348837212,624.6619794483502,-0.0010573684209073595,-2.9772235340417157
5249.829545454545,138.7784090909091,0.0020246868118806295,-2.9581038733181124,549662.5,24378320247.093018,0.04903519280731065,-2.846854648065668,1977.2727272727273,634.2494714587735,-0.00410198989051141,-2.9770488980716254,13.75,77.97965116279067,0.007078854039448744,-2.945546832083934,116479.06976744185,36480417468.90212,0.02827944587072497,-2.9385765112382694,25.581395348837212,624.66197944835,-0.00105736842090736,-2.9772235340417157
5248.636363636364,148.60597251585625,-0.0014659823082973026,-2.964300293165392,568798.8636363636,26210322033.562363,0.04871326513168271,-2.8501308021012632,1969.3181818181818,606.5010570824526,0.010486942102094,-2.9729503141936298,12.5,105.95930232558139,0.014395590558452824,-2.9520402803629446,128948.83720930232,41681220870.74093,0.02808521748258545,-2.9395155957718586,27.906976744186046,616.5494862087619,-0.005321510293077803,-2.976026714513557
5251.931818181818,97.48942917547566,-0.009187966380777905,-2.941282293807958,561673.8636363636,36186799010.30656,0.050254893560615306,-2.8479243260735463,1972.7272727272727,634.2494714587737,0.004101989890511409,-2.9770488980716254,12.238372093023257,51.1306787452677,0.005655263707666665,-2.94771037607077,126512.79069767441,47253790359.653854,0.03162922451767863,-2.9295000384340897,22.093023255813954,616.5494862087619,0.005321510293077802,-2.976026714513557
5245.965909090909,93.74008985200844,0.007333426119602915,-2.949693429902706,549539.7727272727,24344733904.59831,0.04928241143447818,-2.8458119367600214,1972.7272727272727,634.2494714587735,0.004101989890511403,-2.9770488980716254,12.267441860465118,56.92266089778258,0.008688452674411776,-2.9469075675675414,116511.62790697675,36614336376.41968,0.028329433882519642,-2.9384356475112194,23.25581395348837,621.9578150351543,0.003178993664455612,-2.976828063241107
5248.465909090909,139.4522991543341,0.0036390141297834903,-2.957722643257372,538846.5909090909,28921999697.41014,0.05889954272117624,-2.7999622585143316,1980.6818181818182,606.5010570824528,-0.010486942102093992,-2.9729503141936298,13.110465116279071,89.63459978366684,0.012147408883888683,-2.943899392330809,104980.23255813954,45250942109.24824,0.04101577020811976,-2.895344742415446,23.25581395348837,621.9578150351543,0.0031789936644556114,-2.976828063241107
5246.761363636364,150.45917019027482,0.004834598090064052,-2.9627409475102913,549427.2727272727,32523682145.87738,0.05152695630042507,-2.8404494273275183,1977.2727272727273,634.2494714587733,-0.004101989890511405,-2.9770488980716254,16.337209302325583,103.4444294213088,0.00026604225473553814,-2.9596588931855647,132544.18604651163,44850127001.081665,0.028524478380705386,-2.9380859630392746,26.74418604651163,621.9578150351542,-0.003178993664455617,-2.976828063241107
5249.204545454545,133.2188160676533,-0.003126954108263955,-2.960618427408679,549719.3181818182,24441768629.756878,0.04908081130948667,-2.8469883908751066,1975.0,639.53488372093,1.5975746204561455e-19,-2.977789256198347,12.674418604651162,75.47829908058408,0.011684726070546927,-2.952024631371125,124320.93023255815,38658723747.97188,0.02820994637143686,-2.9389171304512227,24.418604651162788,624.6619794483502,0.0010573684209073601,-2.9772235340417157
5248.778409090909,129.6139997357294,-0.0013279258056917906,-2.9530840868853288,568822.7272727273,26306680401.69133,0.048722226615781246,-2.8500549374450843,1980.6818181818182,606.5010570824528,-0.010486942102093992,-2.9729503141936298,14.30232558139535,90.42894808004326,0.004744748949205728,-2.95450683252769,105405.81395348837,38562050954.570045,0.03626907499134651,-2.914159414222431,27.906976744186046,616.5494862087618,-0.005321510293077802,-2.976026714513557
5246.306818181818,151.9589059196617,0.005109527082296057,-2.9629106566122374,558303.4090909091,27187183767.17759,0.050043726511507916,-2.8477369839927706,1981.8181818181818,591.9661733615219,-0.012737888766955982,-2.9706500885478158,13.720930232558139,90.73316657652784,0.01137955978944308,-2.958841432371387,129061.62790697675,41725882771.768524,0.028127362489002224,-2.939373142181957,24.418604651162788,624.6619794483499,0.0010573684209073608,-2.9772235340417157
5248.892045454545,142.16685385835098,-0.003743379536554732,-2.9610861329346068,549492.0454545454,26897575225.951374,0.047382970495076754,-2.86292827908267,1977.2727272727273,634.2494714587735,-0.004101989890511407,-2.9770488980716254,11.918604651162791,75.75209572742024,0.014224983191995796,-2.939815885517345,108861.62790697675,40430216608.97783,0.03348753371083311,-2.9255819056632055,27.906976744186046,616.5494862087618,-0.005321510293077802,-2.976026714513557
5246.903409090909,136.4453950845666,0.0085277009833453,-2.952393837821556,549538.6363636364,32234236379.492603,0.05135559896477111,-2.841008164377507,1970.4545454545455,618.3932346723045,0.008308493291000243,-2.974751889524617,13.779069767441861,86.00932936722555,0.014331434206032834,-2.9305693147583685,121290.69767441861,41997965029.745804,0.031945590999467935,-2.928776826148159,25.581395348837212,624.6619794483499,-0.0010573684209073601,-2.9772235340417157
5250.028409090909,159.11981368921784,-0.0012762875883230496,-2.9595450000946126,549055.6818181818,32352944792.547565,0.051477871822684894,-2.840738393045387,1975.0,639.53488372093,-1.5975746204561455e-19,-2.977789256198347,17.99418604651163,134.5304894537588,0.0035587786961805623,-2.9558652995544343,121655.81395348837,42335446535.965385,0.031975248387583116,-2.9286558707028902,22.093023255813954,616.5494862087619,0.005321510293077802,-2.976026714513557
5246.534090909091,137.92613636363635,0.005029188680991634,-2.958868907331697,558428.4090909091,28044713650.898514,0.04718558533158797,-2.8665080317124794,1979.5454545454545,618.3932346723045,-0.008308493291000243,-2.974751889524617,15.465116279069768,92.87959707950243,0.006475023200209871,-2.955134287338974,121575.58139534883,44334782950.24338,0.029571553597941877,-2.9370457342471608,24.418604651162788,624.66197944835,0.00105736842090736,-2.9772235340417157
5250.454545454545,124.71590909090911,-0.003801025075096536,-2.9580898473247315,558089.7727272727,31102801579.016914,0.05180038251001986,-2.8384459747258144,1973.8636363636363,638.2135306553912,0.0020446154742958128,-2.977605316291087,14.476744186046512,60.84538939967551,0.0013180111624057755,-2.9541801845659963,133143.02325581395,44500940416.441315,0.028352449739798315,-2.938418115166086,25.581395348837212,624.66197944835,-0.0010573684209073597,-2.9772235340417157
5249.005681818182,133.47235068710364,0.0021199253236216247,-2.9595359034864437,568857.9545454546,26260008016.649048,0.04889863911147861,-2.848987745217199,1970.4545454545455,618.3932346723045,0.008308493291000247,-2.974751889524617,16.36627906976744,54.710316387236325,-0.00407698270022705,-2.956816251200246,128984.88372093024,41638991341.26556,0.028157437099552877,-2.939239556379717,19.767441860465116,597.620335316387,0.009729235107705562,-2.973107774578363
5247.329545454545,161.81619978858356,0.0007361441154923864,-2.962406593342825,568585.2272727273,26098383206.923897,0.04882739552160302,-2.8495781989073823,1969.3181818181818,606.5010570824527,0.010486942102093999,-2.9729503141936298,11.30813953488372,92.80185235262306,0.02012622256009858,-2.9385522303997926,119977.9069767442,39283783058.40996,0.028277318191893427,-2.938975232433287,20.930232558139537,608.4369929691724,0.007499617376220961,-2.9747979797979798
5248.409090909091,131.4217758985201,0.003693170335103821,-2.9580744775827807,558268.1818181818,28331558033.82664,0.04718745672328494,-2.8665048001512545,1975.0,639.53488372093,1.5975746204561455e-19,-2.977789256198347,16.25,101.67151162790697,0.004356086561178552,-2.9540391947015614,121975.58139534883,45018584113.034065,0.029552931097946347,-2.9371353878808457,31.3953488372093,584.0995132504056,-0.012028130608117195,-2.9709069865319866
5247.386363636364,99.11469344608876,-0.0018748040030514537,-2.9496361613257984,558444.3181818182,31058830141.384773,0.0519198039283537,-2.838000543006162,1972.7272727272727,634.2494714587733,0.004101989890511407,-2.9770488980716254,12.238372093023257,84.19753921038398,0.0111520637496486,-2.9476157052506307,132784.88372093023,44611233201.73067,0.028405264342650494,-2.9382643503294448,24.418604651162788,624.66197944835,0.0010573684209073597,-2.9772235340417157
5250.227272727273,172.9849365750528,-0.0025304125288667825,-2.9650760056260492,561513.6363636364,23459211205.074,0.04746097813822198,-2.8491751196650763,1972.7272727272727,634.2494714587735,0.004101989890511408,-2.9770488980716254,16.046511627906977,105.66353434288803,0.0069774122002767315,-2.947524332010638,116215.11627906976,36496596573.8237,0.031244231355778668,-2.9299396491905387,19.767441860465116,597.620335316387,0.009729235107705564,-2.973107774578363
5249.289772727273,149.37483483086683,-0.003114426805319238,-2.961081985796118,561437.5,23472089898.255814,0.04726109960487779,-2.850253872339481,1973.8636363636363,638.2135306553912,0.002044615474295814,-2.977605316291087,14.44767441860465,85.12371552190373,0.014400778598013055,-2.935378425574099,126361.62790697675,38577930795.02435,0.02767086361420561,-2.9396650697548083,18.6046511627907,584.0995132504057,0.012028130608117185,-2.9709069865319866
5249.914772727273,123.3573929704017,0.0009006909747626439,-2.960010829639845,549369.3181818182,32391396653.01268,0.0514345294041086,-2.8409072444975,1973.8636363636363,638.2135306553912,0.0020446154742958145,-2.977605316291087,12.587209302325583,92.1798945375879,0.014878875214877137,-2.9506756569178596,121286.04651162791,42196270619.25365,0.031993980895757695,-2.928568479030929,26.74418604651163,621.9578150351542,-0.0031789936644556166,-2.976828063241107
5251.988636363636,92.39230972515854,-0.00497562424948408,-2.950963248053933,549347.7272727273,26725468483.086685,0.04721414016309567,-2.863634916779533,1979.5454545454545,618.3932346723045,-0.008308493291000241,-2.974751889524617,10.523255813953488,72.83666846944298,0.02888507772169797,-2.9008466640628865,108269.76744186046,40065918737.15522,0.033442412792609635,-2.9258022337838465,24.418604651162788,624.66197944835,0.0010573684209073603,-2.9772235340417157
5249.147727272727,115.02708773784353,-0.0013681894395338344,-2.954533202162995,549434.0909090909,24503945671.24736,0.04899898365055152,-2.8474282363346477,1979.5454545454545,618.3932346723045,-0.008308493291000245,-2.974751889524617,13.488372093023257,64.06672525689561,0.0050980484802941334,-2.958214692201377,116965.11627906976,36853349480.80043,0.028261842583529637,-2.9386941871746766,32.55813953488372,567.8745267712277,-0.014416705623103328,-2.9681277056277056
5247.613636363636,168.1553911205074,0.002974889875612793,-2.966642811220433,549312.5,24468510479.651157,0.04915657232039895,-2.8464746967396515,1981.8181818181818,591.966173361522,-0.012737888766955979,-2.9706500885478158,12.093023255813954,108.91867225527311,0.013637817773765288,-2.9498755405505275,116622.0930232558,36835169570.03785,0.0283075756050238,-2.9384519295186515,25.581395348837212,624.6619794483499,-0.0010573684209073601,-2.9772235340417157
5250.426136363636,106.5365684460888,-0.00476827822859434,-2.948732467116675,568757.9545454546,26117832551.53277,0.048840144693281004,-2.8494226436454624,1971.590909090909,627.6427061310778,0.006185284190689734,-2.9761059156154848,13.110465116279071,93.92239048134127,0.0072572162393765485,-2.9550648064537124,128933.72093023256,41423154851.270966,0.028242352783885354,-2.939131910784497,25.581395348837212,624.6619794483502,-0.0010573684209073601,-2.9772235340417157
5249.005681818182,124.02467626849896,6.889800146847587e-05,-2.957883357890753,568536.3636363636,30555094460.887955,0.05028033267413373,-2.8459380719336846,1976.1363636363637,638.2135306553911,-0.002044615474295812,-2.977605316291087,12.325581395348838,67.04806652244459,0.016807173218936173,-2.931483105239385,128974.41860465117,46182515275.82479,0.028570911903629235,-2.9383641475160736,22.093023255813954,616.5494862087618,0.005321510293077802,-2.976026714513557
5248.892045454545,159.4633654862579,0.0004905401979279596,-2.9646463568680317,549226.1363636364,24535927266.120518,0.04913237739910193,-2.8468069505881957,1977.2727272727273,634.2494714587735,-0.004101989890511407,-2.9770488980716254,14.94186046511628,77.5402244456463,0.006334427165811529,-2.9488176716842776,116901.16279069768,36925563428.88047,0.028260900198057118,-2.9386675264186235,23.25581395348837,621.9578150351543,0.003178993664455617,-2.976828063241107
5246.051136363636,116.71098705073989,0.006825043198635676,-2.95064533868862,558703.4090909091,31104967371.82875,0.05192887045549178,-2.8379622293877205,1969.3181818181818,606.5010570824528,0.010486942102093994,-2.9729503141936298,13.488372093023257,53.31091130340724,0.016518692312907753,-2.9235219255597062,122525.58139534883,45592672252.56896,0.032354193946983585,-2.9272771150105146,26.74418604651163,621.9578150351542,-0.0031789936644556166,-2.976828063241107
5249.375,138.4084302325581,0.000283382231244394,-2.955703709296276,556042.0454545454,27280761853.858356,0.05812326251775062,-2.80088170255043,1973.8636363636363,638.2135306553912,0.0020446154742958145,-2.977605316291087,12.063953488372094,77.68050297458086,0.01781005156202368,-2.931043482717249,105555.81395348837,45148240256.89562,0.040742087655498936,-2.8966524985055195,32.55813953488372,567.8745267712277,-0.01441670562310333,-2.9681277056277056
5249.488636363636,131.8545190274841,-0.0010893089081254715,-2.9605996837556723,558604.5454545454,31118377188.160683,0.05190929097000677,-2.8382878619494747,1976.1363636363637,638.2135306553911,-0.002044615474295814,-2.977605316291087,12.703488372093023,97.81469713358572,0.009719290805951509,-2.9544470626629784,122175.58139534883,45663647601.406166,0.032339370450062625,-2.92749989035252,27.906976744186046,616.5494862087618,-0.005321510293077801,-2.976026714513557
5246.931818181818,136.73361522198732,0.0053326488143829774,-2.9566448929759486,568754.5454545454,30255349048.625797,0.050297939264457435,-2.8458363618474634,1979.5454545454545,618.3932346723045,-0.008308493291000243,-2.974751889524617,12.761627906976743,84.34288804759329,0.017532036265840302,-2.9382573878865403,128223.25581395348,45646298994.050835,0.02861266044093414,-2.9382180683861496,25.581395348837212,624.66197944835,-0.0010573684209073603,-2.9772235340417157
5247.5,98.83720930232555,0.00859792823737592,-2.944352095784838,549328.4090909091,32387407953.22409,0.05128765191850553,-2.841480831649522,1975.0,639.53488372093,4.792723861368435e-19,-2.977789256198347,10.988372093023257,79.54637641968631,0.021089449021779,-2.9281424993886875,121300.0,42151521744.18606,0.03192554495160419,-2.92885971799058,22.093023255813954,616.549486208762,0.0053215102930778,-2.976026714513557
5248.977272727273,104.3076109936575,-0.002567931837346501,-2.9587063663725286,549184.0909090909,24473080903.805496,0.0493154100362323,-2.845457527558605,1972.7272727272727,634.2494714587734,0.004101989890511409,-2.9770488980716254,11.976744186046512,73.92678474851273,0.013986640722698567,-2.939878268375784,124096.51162790698,38782994348.29638,0.02825898877938653,-2.9386726977263447,22.093023255813954,616.5494862087619,0.005321510293077801,-2.976026714513557
5249.090909090909,138.47119450317132,-0.0021963096382689863,-2.964856682998703,558117.0454545454,27255616156.183926,0.049894922694723357,-2.8482755411188405,1972.7272727272727,634.2494714587735,0.004101989890511407,-2.9770488980716254,17.558139534883722,86.33382909680908,-0.0034276335108760518,-2.9545908766514613,129439.53488372093,41616146111.411575,0.028044261765089763,-2.9396223540585638,26.74418604651163,621.9578150351542,-0.003178993664455617,-2.976828063241107
5251.25,127.97965116279066,-0.0009967923476646861,-2.960523157300508,561514.7727272727,36316178672.04018,0.05063449886021866,-2.846348815944597,1976.1363636363637,638.2135306553911,-0.002044615474295814,-2.977605316291087,13.488372093023257,67.62777176852352,0.00536066667444576,-2.9539408885685385,139348.83720930232,48165939824.22931,0.028063839449149097,-2.9391987175211685,19.767441860465116,597.620335316387,0.009729235107705562,-2.973107774578363
5248.380681818182,112.76014138477802,0.0024335170601449537,-2.9571913030696066,549455.6818181818,28373528978.594086,0.05018995384038669,-2.844340190731868,1976.1363636363637,638.2135306553912,-0.002044615474295814,-2.977605316291087,12.55813953488372,79.28441049215795,0.013086638022398824,-2.947115216911417,124803.48837209302,42505026092.48243,0.02841252347965352,-2.9384424379852288,25.581395348837212,624.6619794483502,-0.0010573684209073595,-2.9772235340417157
5247.642045454545,129.0127840909091,0.005321928252482602,-2.955598534606879,549390.9090909091,28406084101.479916,0.050302619638297366,-2.8438742769971466,1972.7272727272727,634.2494714587733,0.004101989890511409,-2.9770488980716254,12.238372093023257,77.0027717685235,0.016401816923756096,-2.9416898605128736,125018.60465116278,42795543374.7972,0.028559145904336343,-2.9380495507760425,24.418604651162788,624.6619794483499,0.0010573684209073601,-2.9772235340417157
5248.153409090909,128.1605113636364,0.005161091583837193,-2.95781347708533,561045.4545454546,23552326606.765324,0.04715704798459336,-2.8506715321716993,1977.2727272727273,634.2494714587735,-0.00410198989051141,-2.9770488980716254,15.494186046511627,103.7892103839914,0.008193706115593261,-2.952126450776517,127159.30232558139,38549451657.65279,0.0275586606009441,-2.9398859450501407,23.25581395348837,621.9578150351542,0.003178993664455617,-2.976828063241107
5250.028409090909,120.311674154334,-0.002996614971167449,-2.960407182145686,568879.5454545454,26289774804.43974,0.04883543587440691,-2.8497848344618513,1979.5454545454545,618.3932346723045,-0.008308493291000241,-2.974751889524617,14.127906976744185,87.24817468902111,0.011924853905668996,-2.949874060159351,129174.41860465117,41861216206.057335,0.028092259485034493,-2.939541702790698,25.581395348837212,624.6619794483499,-0.0010573684209073601,-2.9772235340417157
5247.954545454545,138.74207188160676,0.005765081141294272,-2.9570704984117606,538506.8181818182,28694105533.826633,0.05884800198930731,-2.8005172112345007,1972.7272727272727,634.2494714587734,0.0041019898905114045,-2.9770488980716254,13.19767441860465,95.00743645213628,0.013845683936184077,-2.9478536151474906,104927.9069767442,44963670383.99134,0.04084197751454208,-2.896236025062992,20.930232558139537,608.4369929691723,0.0074996173762209625,-2.9747979797979798
5250.028409090909,123.94539508456658,0.0027039799910132693,-2.95829806083435,558060.2272727273,27268042509.249474,0.05003451187616634,-2.847474666766418,1975.0,639.53488372093,1.5975746204561455e-19,-2.977789256198347,13.546511627906977,73.54144131963223,0.011938550463249738,-2.9439414236100245,116823.25581395348,38135350621.957825,0.031682502322882264,-2.929480689410363,30.232558139534884,597.620335316387,-0.009729235107705562,-2.973107774578363
5247.471590909091,135.4279532241015,0.0032390870508571465,-2.9568026380146772,561629.5454545454,36114846897.463005,0.05048211865472709,-2.8467588469059697,1984.090909090909,554.968287526427,-0.017540846599204615,-2.9642512790240065,14.156976744186046,112.6250676041103,0.014600759413576603,-2.949287604629203,138890.6976744186,47668736425.09464,0.028020391983593317,-2.9392410918394987,24.418604651162788,624.66197944835,0.0010573684209073603,-2.9772235340417157
5252.727272727273,108.23202959830871,-0.010861276376819082,-2.95310788115027,558130.6818181818,27955365722.780132,0.0471211875358604,-2.866680737728999,1976.1363636363637,638.2135306553912,-0.002044615474295813,-2.977605316291087,11.220930232558139,78.30584099513248,0.012271709631611236,-2.9504566317489647,121069.76744186046,44394022458.08545,0.029571480275972638,-2.9370604337090045,32.55813953488372,567.8745267712278,-0.014416705623103335,-2.9681277056277056
5248.551136363636,143.60052193446083,-0.002623155824116215,-2.962725168828129,546032.9545454546,21253172086.416485,0.05652607608694284,-2.806796530512329,1975.0,639.53488372093,1.5975746204561455e-19,-2.977789256198347,11.569767441860465,82.63757436452136,0.017791430187531668,-2.9330766335963436,98295.3488372093,32417720210.924828,0.03566822845824979,-2.916978727443326,26.74418604651163,621.9578150351542,-0.003178993664455618,-2.976828063241107
5249.573863636364,166.42028937632134,0.004432717217916454,-2.964275072652797,561128.4090909091,23546773302.061306,0.04731517361116336,-2.850031155930278,1979.5454545454545,618.3932346723044,-0.008308493291000247,-2.974751889524617,14.970930232558139,130.55874797187667,0.011436987924999453,-2.9532165994072166,109031.39534883722,37859285816.65766,0.033625483398184525,-2.9206548309833775,22.093023255813954,616.5494862087619,0.0053215102930778,-2.976026714513557
5247.670454545455,126.13306025369981,0.006332544680786313,-2.9522756305002438,568525.0,26100489709.30233,0.048762694286745484,-2.8495227819778175,1981.8181818181818,591.9661733615219,-0.012737888766955982,-2.9706500885478158,12.965116279069768,74.56564359113034,0.015530870453062924,-2.937343801253276,104282.55813953489,38252746498.10708,0.036446047175604485,-2.9134299628697544,26.74418604651163,621.9578150351542,-0.003178993664455617,-2.976828063241107
5250.710227272727,143.41553250528543,-0.0033951002333618735,-2.9584040236803575,551472.7272727273,21365723076.10993,0.05309508150674666,-2.8180919024988915,1971.590909090909,627.6427061310778,0.0061852841906897315,-2.9761059156154848,11.540697674418604,94.39223904813413,0.014308317650942624,-2.9442164348574917,99904.6511627907,32437176257.43645,0.03497281868208684,-2.918627040291337,33.72093023255814,548.945375878853,-0.01691903410177724,-2.9646775638154947
5246.448863636364,100.28656844608875,0.0122334868261568,-2.940404226932924,549393.1818181818,32288765533.826637,0.05135052940903771,-2.8413673694750576,1978.409090909091,627.642706131078,-0.006185284190689728,-2.9761059156154848,12.645348837209303,60.6256760411033,0.015664425588794224,-2.9306792942787157,121110.46511627907,42116667390.48133,0.03192175521860251,-2.9288918906157924,25.581395348837212,624.6619794483503,-0.0010573684209073593,-2.9772235340417157
5248.238636363636,158.38068181818184,-0.000975616948382716,-2.9663552557784585,558235.2272727273,31032178323.20297,0.052067277261378025,-2.8374465042920414,1981.8181818181818,591.9661733615221,-0.012737888766955977,-2.9706500885478158,13.662790697674417,98.28454570037857,0.005961674773686184,-2.96186865698954,132718.60465116278,44600696630.611145,0.028481940715695212,-2.9380618213570675,26.74418604651163,621.9578150351542,-0.003178993664455618,-2.976828063241107
5249.346590909091,120.31167415433407,0.00044392778413164746,-2.965308705699685,549601.1363636364,24405301335.88795,0.0488709045826039,-2.8478899463895964,1968.1818181818182,591.9661733615221,0.012737888766955977,-2.9706500885478158,11.94767441860465,69.64406435911303,0.01142307962727666,-2.9503327856513994,124418.60465116278,38652731398.053,0.0281126500786774,-2.9391184979059903,22.093023255813954,616.5494862087619,0.005321510293077802,-2.976026714513557
5249.6875,87.43640988372091,-0.000991940736613412,-2.9387794483816068,558230.6818181818,30983016071.61733,0.05196626923357245,-2.837629845309258,1975.0,639.53488372093,-1.5975746204561455e-19,-2.977789256198347,12.383720930232558,61.17833964305028,0.017870898991830815,-2.9370117389141486,132836.0465116279,44391266665.765274,0.028362890209913665,-2.938300993140515,23.25581395348837,621.9578150351542,0.0031789936644556157,-2.976828063241107
5248.380681818182,152.5857227801268,0.0015489428343664145,-2.964774514093493,558060.2272727273,31048845183.668076,0.05196688417912172,-2.837623231563951,1973.8636363636363,638.2135306553912,0.0020446154742958145,-2.977605316291087,14.883720930232558,92.4283396430503,0.00693997624545547,-2.9531306776665094,124668.60465116278,49429744188.75069,0.03335993249720664,-2.920317406442223,22.093023255813954,616.5494862087617,0.005321510293077802,-2.976026714513557
5248.267045454545,145.07383060253696,0.00360087628190941,-2.9614524671692344,561286.3636363636,28471412367.864685,0.04538621386480349,-2.87103980597029,1971.590909090909,627.6427061310778,0.006185284190689734,-2.9761059156154848,15.69767441860465,88.46673877771767,0.0026300854957640248,-2.9543555284090277,121377.9069767442,44803752128.177414,0.02982705722376433,-2.9359960671764793,25.581395348837212,624.66197944835,-0.0010573684209073603,-2.9772235340417157
5247.698863636364,120.56273123678645,0.0019286954537514405,-2.958105348748479,561796.5909090909,36308067255.54969,0.050671221827651755,-2.846093048465157,1977.2727272727273,634.2494714587733,-0.004101989890511407,-2.9770488980716254,14.360465116279071,78.9514602487831,0.010648963378182224,-2.9357035827458384,133963.9534883721,57323638758.788536,0.03256809385163751,-2.924827120580946,30.232558139534884,597.620335316387,-0.009729235107705564,-2.973107774578363
5250.369318181818,135.79793208245243,-0.003409493185666125,-2.9584741672246695,549454.5454545454,32358318002.114166,0.05157905041687622,-2.839921319606105,1980.6818181818182,606.5010570824526,-0.010486942102094002,-2.9729503141936298,13.226744186046512,80.75818009734995,0.011612893978703121,-2.9495371687123844,121212.79069767441,42315086638.72364,0.03207145927982648,-2.9282485958281277,20.930232558139537,608.4369929691723,0.0074996173762209625,-2.9747979797979798
5249.403409090909,142.47737182875267,-0.0006811107076333259,-2.9563846242664122,558296.5909090909,27403932139.270607,0.049922489721486926,-2.847882327932804,1977.2727272727273,634.2494714587733,-0.004101989890511407,-2.9770488980716254,14.069767441860465,82.20152785289345,0.017655062200045615,-2.9250739619550052,117725.58139534883,43975810624.66198,0.032570033644175884,-2.9259854593726407,23.25581395348837,621.9578150351542,0.003178993664455618,-2.976828063241107
5249.971590909091,120.60237182875265,0.0008116124030467011,-2.9597285352955227,568722.7272727273,35035202610.99365,0.05130893545340683,-2.8435673015453444,1977.2727272727273,634.2494714587735,-0.00410198989051141,-2.9770488980716254,11.540697674418604,74.55212276906435,0.02044706890122107,-2.925788651637496,124222.0930232558,44221630616.54949,0.03196923833201742,-2.9288988036554366,25.581395348837212,624.6619794483502,-0.0010573684209073603,-2.9772235340417157
5247.443181818182,158.93565010570828,0.007913721395739086,-2.964014867142219,568826.1363636364,26173882847.515846,0.048800193357563866,-2.8497691262905027,1979.5454545454545,618.3932346723045,-0.008308493291000241,-2.974751889524617,14.825581395348838,101.49574094104919,0.008146585344424861,-2.9545054923324803,120429.06976744185,39534377468.90211,0.02826213018184561,-2.939061961491157,20.930232558139537,608.4369929691723,0.00749961737622096,-2.9747979797979798
5248.75,149.41860465116278,0.0023229706047352963,-2.9623864984794346,568993.1818181818,30591222394.29175,0.0501265980720967,-2.846606540582981,1981.8181818181818,591.9661733615222,-0.012737888766955972,-2.9706500885478158,15.174418604651162,112.5422525689562,0.00881880976002504,-2.953138644406222,129417.44186046511,46033625800.43266,0.028480316036037935,-2.9385959760951232,20.930232558139537,608.4369929691723,0.0074996173762209625,-2.9747979797979798
5249.914772727273,139.12774180761102,-0.0025437854453869402,-2.9575038693105817,558139.7727272727,31207582974.365757,0.051950842771117715,-2.8381056355768393,1979.5454545454545,618.3932346723045,-0.008308493291000241,-2.974751889524617,13.953488372093023,63.14899945916712,0.004513505940870133,-2.9483373751637574,125047.67441860466,49902799296.91725,0.033136971068839796,-2.9212793316934555,27.906976744186046,616.5494862087619,-0.0053215102930778,-2.976026714513557
5248.068181818182,133.3905919661734,0.004709317452029187,-2.957885067574278,562073.8636363636,36170994591.7019,0.05057892149465922,-2.846509055732894,1975.0,639.53488372093,1.5975746204561455e-19,-2.977789256198347,13.982558139534882,81.70463764196866,0.00908380907053071,-2.943916234944595,139309.3023255814,47931203983.23418,0.028007664456983376,-2.9393172029162637,25.581395348837212,624.66197944835,-0.0010573684209073603,-2.9772235340417157
5249.119318181818,108.98107161733613,-0.00200934324479891,-2.9548723807264583,560897.7272727273,23368000692.389004,0.04725438592934263,-2.8500601078145404,1975.0,639.53488372093,-1.5975746204561455e-19,-2.977789256198347,11.279069767441861,63.7709572742023,0.014944891702854674,-2.942437741259896,126380.23255813954,38342941295.29476,0.027663373269633626,-2.939576316146881,26.74418604651163,621.9578150351543,-0.0031789936644556166,-2.976828063241107
5247.556818181818,120.34553382663852,0.004494783709873359,-2.954282465314087,558356.8181818182,31103252975.687107,0.05169543979854248,-2.83901599767318,1972.7272727272727,634.2494714587735,0.004101989890511408,-2.9770488980716254,13.430232558139535,61.99803948080042,0.012199763951263758,-2.931904052686247,133338.37209302327,44461802888.047585,0.02831563159425937,-2.9385789700598166,26.74418604651163,621.9578150351543,-0.0031789936644556166,-2.976828063241107
5249.772727272727,153.87156448202964,2.488772555680402e-05,-2.9659105940367074,558547.7272727273,27007315924.94715,0.049914238135757356,-2.8480605466714795,1976.1363636363637,638.2135306553912,-0.002044615474295813,-2.977605316291087,13.313953488372094,109.07585181179017,0.013132596507404164,-2.9526450148744234,116955.81395348837,43266797117.36073,0.03246461573357512,-2.9263572568038425,25.581395348837212,624.66197944835,-0.00105736842090736,-2.9772235340417157
5245.681818181818,108.60861522198732,0.009837156499341521,-2.9503738116107776,549492.0454545454,24348703714.323463,0.049225937349061014,-2.84627162977869,1977.2727272727273,634.2494714587735,-0.00410198989051141,-2.9770488980716254,11.424418604651164,84.12655489453758,0.018337646322692507,-2.9426544208687866,116039.53488372093,36561517041.644135,0.028343956827438545,-2.9384178671723595,27.906976744186046,616.5494862087619,-0.005321510293077803,-2.976026714513557
5248.977272727273,139.5547040169133,0.0021195178358271124,-2.9597517929731936,558031.8181818182,31004987452.43129,0.05171394078136853,-2.8388840922118517,1963.6363636363637,507.3995771670193,0.02293082059550105,-2.9546530647382925,16.27906976744186,87.82618983234181,0.008225626172075198,-2.945242014927937,132718.60465116278,44370707677.12279,0.028316188636292792,-2.9385319729305537,18.6046511627907,584.0995132504056,0.012028130608117202,-2.9709069865319866
5247.897727272727,136.8294133192389,0.0008979265716519408,-2.9622651363623373,568631.8181818182,26197091522.198734,0.048812663763128226,-2.8494202426365614,1971.590909090909,627.642706131078,0.006185284190689728,-2.9761059156154848,14.912790697674417,102.42698756084371,0.0061771574541830375,-2.959115750763689,104329.06976744185,38398880608.437004,0.03645258904347204,-2.9134028250705843,24.418604651162788,624.6619794483502,0.0010573684209073595,-2.9772235340417157
5250.710227272727,162.3108813424947,-0.004499386384894443,-2.9630935369764257,569123.8636363636,30675398894.02749,0.05019409060294961,-2.8463555049506195,1980.6818181818182,606.5010570824527,-0.010486942102093997,-2.9729503141936298,14.360465116279071,118.77704164413193,0.006375632010715859,-2.960035295868956,129462.79069767441,46373522220.11899,0.02851770934903252,-2.938611493815637,20.930232558139537,608.4369929691723,0.0074996173762209625,-2.9747979797979798
5252.954545454545,119.70137420718817,-0.006373551666973337,-2.9598455614103,561551.1363636364,23533126684.72516,0.04732421792263322,-2.849753021593176,1976.1363636363637,638.2135306553911,-0.0020446154742958154,-2.977605316291087,10.465116279069768,68.60634126554895,0.016785867585173135,-2.9411386380221245,108994.18604651163,37800960722.0119,0.0337671661538714,-2.92008427147582,25.581395348837212,624.6619794483499,-0.0010573684209073606,-2.9772235340417157
5246.619318181818,126.56828091966176,0.004221167114188988,-2.958051050476576,561664.7727272727,23510105067.38901,0.047418971238398014,-2.8494516283511304,1973.8636363636363,638.2135306553912,0.002044615474295812,-2.977605316291087,13.19767441860465,92.97255273120605,0.006941848160694343,-2.958619013544859,108893.02325581395,37881777974.58086,0.03382617487927106,-2.919933171673213,20.930232558139537,608.4369929691723,0.0074996173762209625,-2.9747979797979798
5247.755681818182,123.15258324524315,0.00457201863178409,-2.953975700611767,561575.0,36230264593.02326,0.05053809101934578,-2.8465358335459863,1975.0,639.53488372093,-4.792723861368435e-19,-2.977789256198347,13.226744186046512,98.70876149269876,0.012082633047369807,-2.949485229349164,126297.67441860466,47038782087.61491,0.031728627072978355,-2.929093153357527,23.25581395348837,621.9578150351543,0.0031789936644556144,-2.976828063241107
5247.642045454545,134.89941199788586,0.005229599855557044,-2.959796714160782,561450.0,23530761279.06976,0.047322453701195255,-2.8495834873360932,1975.0,639.53488372093,-1.5975746204561455e-19,-2.977789256198347,12.354651162790697,99.43381557598698,0.013463596722415394,-2.9508734634914715,127239.53488372093,38528740646.29529,0.027760704141655723,-2.9392519220361035,26.74418604651163,621.9578150351542,-0.0031789936644556153,-2.976828063241107
5248.039772727273,136.07541622621565,0.0013385556577026577,-2.9587538481111033,549694.3181818182,28261660839.059196,0.050241851532493886,-2.8439381491593667,1972.7272727272727,634.2494714587734,0.004101989890511406,-2.9770488980716254,13.779069767441861,99.09072471606271,0.01739651074135794,-2.9384940426469086,124315.11627906976,42552305876.14926,0.028523858092874943,-2.9381112096409847,22.093023255813954,616.5494862087619,0.005321510293077802,-2.976026714513557
5249.886363636364,148.09725158562367,0.0011430242097188478,-2.9638418783266283,561338.6363636364,36181660449.260056,0.05052819167217792,-2.8465254172434897,1971.590909090909,627.642706131078,0.00618528419068973,-2.9761059156154848,15.145348837209303,115.34951325040558,0.006675799311772718,-2.953782351245824,126180.23255813954,47046220830.17848,0.0317939433701871,-2.928943955012443,19.767441860465116,597.620335316387,0.009729235107705562,-2.973107774578363
5249.318181818182,140.5126849894292,-0.005924568233602204,-2.962145545549436,555656.8181818182,27390056812.896404,0.05810534373321721,-2.8004028920346697,1978.409090909091,627.6427061310778,-0.0061852841906897315,-2.9761059156154848,16.482558139534884,109.97498647917796,0.0022167036877753592,-2.9586060931727807,105863.95348837209,45474879805.30017,0.04093424095589422,-2.895644328486692,27.906976744186046,616.5494862087619,-0.005321510293077802,-2.976026714513557
5248.494318181818,141.68455998942918,-0.003799914837557652,-2.9593092203436173,538982.9545454546,29000795691.067646,0.058886778967963904,-2.8004656289940724,1968.1818181818182,591.9661733615221,0.012737888766955974,-2.9706500885478158,11.976744186046512,81.55759870200107,0.011397199111863704,-2.9504485115374384,105046.51162790698,45188838766.90104,0.04087001832747545,-2.8960710233350713,20.930232558139537,608.4369929691723,0.0074996173762209625,-2.9747979797979798
