5249.044943820225,1381.2152866445354,-0.00011837716568148553,-2.984681325992178,550510.6741573034,22999282185.903996,0.02955911545032802,-2.9111149696486467,2967.9775280898875,582.2267620020422,0.00654009290597067,-2.985083511075378,10.710227272727273,62.84784994834715,0.012853594774524356,-2.955749138307834,103534.65909090909,40361513372.61106,0.01645942996117019,-2.9646493519435766,22.15909090909091,616.9292355371908,0.0025702753419757094,-2.9881760828791326
5249.0308988764045,1384.4017332737485,-8.582319959512234e-06,-2.9846785109935765,556382.584269663,25303932562.56384,0.027424849812834565,-2.921940547980984,2972.4719101123596,625.6384065372835,0.0022712806441812635,-2.9884311659267926,10.78125,61.2326882102272,0.01316506345583828,-2.9549979053007394,109489.77272727274,42176556543.13018,0.015516520111522467,-2.967331493478102,30.68181818181818,592.7169421487596,-0.005244494696734128,-2.986316124452278
5249.087078651685,1380.8154845505621,5.625774606762561e-05,-2.9846609038875216,550604.4943820224,22948586400.025528,0.029559818816483382,-2.9111123193215445,2975.2808988764045,632.022471910112,-0.00025108671279181236,-2.9888846806660214,10.795454545454545,58.7422520661157,0.01268506384500138,-2.9566688384802675,103450.56818181818,40376600653.08627,0.016459791315077268,-2.964648895158733,26.704545454545453,622.0945247933881,-0.0015357495134882503,-2.9885541360792525
5248.848314606742,1250.1145141726247,-4.277648028758432e-05,-2.982668555862142,556080.3370786516,25213753785.112366,0.027425152509160756,-2.921941653101463,2978.0898876404494,622.4463738508684,-0.0027831185474676283,-2.9882009199822606,10.965909090909092,34.75594008264463,-0.0056354236963861186,-2.977954585855183,114757.95454545454,43647817777.63434,0.014624718218604536,-2.969725687290798,28.40909090909091,613.378099173554,-0.0030932458499401574,-2.987912477823773
5249.016853932584,1393.0565308988766,-0.00016776211878762192,-2.984691814413563,556344.3820224719,25246778718.079678,0.027423646988865475,-2.921946689769406,2974.7191011235955,632.022471910112,0.0002510867127918126,-2.9888846806660214,10.696022727272727,63.276205772210766,0.011835612234203149,-2.957162138584688,109435.79545454546,41996255338.00361,0.015515566627810779,-2.967335670490161,25.56818181818182,624.6771694214884,-0.000510857183123952,-2.9887408181633424
5248.974719101124,1224.9489274770176,-0.0001477578611161063,-2.982592051627149,556685.9550561798,25217274658.452503,0.02742580083462116,-2.9219376561125685,2976.9662921348313,628.1920326864152,-0.0017629574037131986,-2.9886136779559944,10.965909090909092,33.122417355371915,-0.004899297497338235,-2.97856406632112,114813.63636363637,43626295154.95866,0.014624695938225076,-2.9697255071128876,26.704545454545453,622.0945247933881,-0.0015357495134882542,-2.9885541360792525
5248.946629213483,1406.8501021450456,6.111749249333559e-05,-2.9851040005156397,556051.6853932585,25141412923.26354,0.027424752506548154,-2.921941444550505,2970.7865168539324,614.1470888661903,0.0038207185885461817,-2.98759107937242,10.752840909090908,64.649849883781,0.01407030236039135,-2.9517446830654768,109172.72727272726,41924407722.10744,0.015516187380376266,-2.9673330103630593,22.15909090909091,616.9292355371911,0.0025702753419757068,-2.9881760828791326
5249.058988764045,1390.3153728294183,1.1360341865697216e-05,-2.9846795635672967,550385.3932584269,23125118136.49133,0.02955948226411712,-2.911114459043113,2971.9101123595506,622.4463738508684,0.002783118547467627,-2.9882009199822606,10.738636363636363,60.92458677685949,0.011506083109047466,-2.9582440532287326,103981.25,40601298767.75567,0.016460005277834006,-2.964647846353295,21.59090909090909,613.3780991735539,0.0030932458499401596,-2.987912477823773
5249.115168539326,1158.245818437181,-8.185209883777237e-05,-2.9828362701925464,556018.5393258428,25151667294.433094,0.02742485926251564,-2.921942326055099,2971.3483146067415,618.6159346271711,0.0032993074831502087,-2.9879214883715597,10.9375,18.01313920454545,-0.007312408264271926,-2.969502073954386,114905.68181818182,43508897240.444214,0.014624296666977248,-2.9697270494452197,27.84090909090909,616.929235537191,-0.002570275341975709,-2.9881760828791326
5249.087078651685,1166.8240072778347,-0.00014523729379536495,-2.9828178851874307,556088.202247191,25302959944.45864,0.027424873864370734,-2.921941897573322,2978.0898876404494,622.4463738508684,-0.0027831185474676287,-2.9882009199822606,10.923295454545455,19.939428912706614,-0.0076936374349381755,-2.969578554546202,115156.25,43777242943.89205,0.014624876299349448,-2.969724774731597,27.272727272727273,619.8347107438018,-0.0020513953464613,-2.9883895131086144
5249.058988764045,1397.3821341930543,-0.0001680435310297536,-2.984612805305052,556043.2584269663,25197587908.58018,0.027424226619176276,-2.921943345232956,2976.9662921348313,628.1920326864151,-0.001762957403713199,-2.9886136779559944,10.823863636363637,61.71471461776862,0.013564025194336016,-2.953232653112816,109352.84090909091,41918761043.0656,0.015515558540030852,-2.9673352538468913,26.704545454545453,622.094524793388,-0.001535749513488251,-2.9885541360792525
5249.2275280898875,1155.8773301838607,-0.0001527497761563342,-2.982748186699414,556088.7640449438,25263986633.68233,0.02742434210853669,-2.9219429752193564,2971.3483146067415,618.6159346271711,0.003299307483150208,-2.9879214883715597,10.923295454545455,18.305906185433884,-0.00859369305212339,-2.9666346497935967,115137.5,43606243536.93181,0.014624281887600418,-2.9697256515314976,23.863636363636363,623.7086776859502,0.0010225073150411028,-2.9886709935561915
5249.073033707865,1395.26023046476,-9.06977835432917e-05,-2.984612954406511,555967.415730337,25224249437.563835,0.027425003104889118,-2.921942678753916,2975.2808988764045,632.022471910112,-0.00025108671279181274,-2.9888846806660214,10.838068181818182,60.00431785898757,0.013061611766033513,-2.954029595882188,109045.45454545454,42027013331.611565,0.015515953146381978,-2.967334607244006,25.0,625.0000000000009,4.087616637181691e-20,-2.9887640449438204
5249.044943820225,1160.086025280899,-0.00012056742910880959,-2.9827133778669164,556183.1460674157,25221385224.0807,0.02742464961829513,-2.921941603662922,2975.8426966292136,631.3840653728289,-0.0007536408612394586,-2.988839741895097,10.880681818181818,19.96303589876034,-0.009190526377022893,-2.9661391470624867,114974.43181818182,43582017783.76807,0.014624504431910854,-2.9697250810431246,23.295454545454547,622.0945247933881,0.0015357495134882503,-2.9885541360792525
5249.213483146067,1163.0107252298262,1.9441513037980882e-05,-2.982799524315126,556317.9775280899,25307175809.4995,0.02742399958344517,-2.921945257490951,2975.8426966292136,631.3840653728289,-0.0007536408612394588,-2.988839741895097,10.923295454545455,18.73204254907025,-0.007727475650361074,-2.9705078768119533,115177.27272727274,43859470506.19837,0.014624061986274505,-2.9697275026522774,27.272727272727273,619.8347107438018,-0.0020513953464612973,-2.9883895131086144
5249.199438202248,1420.7119030898875,0.00012311064816088746,-2.98512514485237,556284.2696629213,25280604636.108265,0.027424819692008263,-2.9219423508778704,2974.1573033707864,631.3840653728289,0.0007536408612394588,-2.988839741895097,10.710227272727273,66.15040676652896,0.013744639769136537,-2.9514370869493733,109635.22727272726,42225010463.5847,0.015515701087980524,-2.967335837458853,22.727272727272727,619.8347107438015,0.002051395346461301,-2.9883895131086144
5249.044943820225,1162.962445735444,-6.232583318014091e-05,-2.9827493400492004,556270.2247191011,25211069870.40347,0.02742504109061354,-2.921941551365454,2975.8426966292136,631.3840653728289,-0.0007536408612394592,-2.988839741895097,10.909090909090908,19.450542355371905,-0.0088315738467502,-2.967441777649153,114746.59090909091,43602479136.105385,0.014624693864943344,-2.9697254122665147,23.863636363636363,623.70867768595,0.0010225073150411034,-2.9886709935561915
5249.087078651685,1319.4163368232892,7.160189506548606e-05,-2.9834886745240143,556333.7078651686,25215654362.23187,0.027425962290263593,-2.9219376398145163,2973.0337078651687,628.1920326864154,0.0017629574037131973,-2.9886136779559944,10.9375,50.0799005681818,0.005843711091919141,-2.971798232428334,114777.84090909091,43577205787.38375,0.014624831005182963,-2.9697251726381477,28.40909090909091,613.378099173554,-0.0030932458499401566,-2.987912477823773
5249.171348314607,1333.414198161389,4.2698706142348937e-05,-2.9833565959739072,556074.1573033708,25079768529.11135,0.02742486002045625,-2.9219414974797275,2978.0898876404494,622.4463738508684,-0.0027831185474676287,-2.9882009199822606,11.107954545454545,46.53522081611568,0.005680929638986466,-2.970728870374607,108838.06818181818,41825060851.94988,0.015516077701102707,-2.9673341771986883,22.727272727272727,619.8347107438015,0.0020513953464613086,-2.9883895131086144
5249.044943820225,1388.7792070990808,-5.68798185402623e-05,-2.984660764963878,550527.5280898877,22907306137.002037,0.029559604024301186,-2.9111122112665666,2979.2134831460676,614.1470888661903,-0.003820718588546185,-2.98759107937242,10.738636363636363,58.36776859504133,0.010755517702498942,-2.9605790564372128,103450.0,40244148295.45454,0.016460800434908825,-2.9646433876864395,24.43181818181818,624.6771694214883,0.0005108571831239523,-2.9887408181633424
5249.143258426966,1303.3947267620013,-5.084420426052371e-05,-2.983437180995631,556487.6404494382,25279627629.596527,0.027424163859305437,-2.921945651615147,2970.224719101124,609.0398365679272,0.004348265585760161,-2.9872075318190614,10.909090909090908,49.67071280991738,0.006307776343655245,-2.9711343210739964,115167.04545454546,43701200448.08883,0.014624205681239174,-2.9697271607867126,24.43181818181818,624.6771694214883,0.0005108571831239522,-2.9887408181633424
5249.073033707865,1396.4676168283966,-2.1774068520008915e-06,-2.984653365182869,555983.1460674157,25237119769.53524,0.027425660793261652,-2.9219374653440466,2970.7865168539324,614.1470888661904,0.003820718588546182,-2.98759107937242,10.838068181818182,60.252897404442145,0.012946654999327133,-2.9555968008770233,109396.02272727274,42010925296.6813,0.015516576861068936,-2.9673312544668238,26.136363636363637,623.70867768595,-0.0010225073150411036,-2.9886709935561915
5248.974719101124,1179.281313840654,-9.476905309460422e-06,-2.9827174078553425,555802.8089887641,25112888315.88354,0.027425062490317308,-2.921940090495268,2978.6516853932585,618.6159346271712,-0.003299307483150207,-2.9879214883715597,11.065340909090908,18.27200897469008,-0.00850780616117166,-2.9659007270940596,114687.5,43434885298.29544,0.014624843626106854,-2.96972409476021,27.272727272727273,619.8347107438012,-0.002051395346461303,-2.988389513108614
5249.087078651685,1234.0470186414711,-3.0816398815168015e-06,-2.982751078259593,555927.5280898877,25162774432.456596,0.02742459179135331,-2.921942720040143,2969.6629213483147,603.2941777323795,0.0048829134333957585,-2.9867682785496195,10.965909090909092,29.961905991735545,-0.0062623143953964506,-2.9785389744960478,114889.77272727274,43504149554.493805,0.01462443702701025,-2.9697264837113213,23.863636363636363,623.7086776859501,0.001022507315041103,-2.9886709935561915
5249.213483146067,1220.8232252298262,-5.076764316171348e-05,-2.9826311971031374,556270.786516854,25226294023.237988,0.027424612623648943,-2.9219438890180838,2980.8988764044943,596.9101123595497,-0.005425688014975539,-2.986270301581054,10.852272727272727,33.82618801652891,-0.0060776605714269755,-2.9781144075981962,114980.11363636363,43610467132.941635,0.014624357116977831,-2.9697266943660683,27.84090909090909,616.929235537191,-0.002570275341975709,-2.9881760828791326
5249.1292134831465,1388.8282846016339,-3.193206769109542e-05,-2.984634261816826,556138.7640449438,25100028338.227787,0.02742413531054796,-2.921943347059916,2974.1573033707864,631.3840653728289,0.0007536408612394586,-2.988839741895097,10.752840909090908,61.524849883780995,0.012476961701598432,-2.955443065045775,108964.77272727274,41911446884.03925,0.015515919700396053,-2.9673337145845524,26.136363636363637,623.7086776859499,-0.0010225073150411039,-2.9886709935561915
5249.002808988764,1394.6086567926461,-0.00012255517672574932,-2.984547967500472,550228.6516853933,23028593914.070484,0.029560268487239392,-2.9111095488465297,2971.9101123595506,622.4463738508688,0.0027831185474676257,-2.9882009199822606,10.710227272727273,61.178815857438046,0.010980814676424203,-2.957545886042574,103750.56818181818,40509761050.81352,0.016459987478282544,-2.9646473172795926,22.727272727272727,619.8347107438017,0.0020513953464612986,-2.9883895131086144
5249.0308988764045,1227.0863923646577,-0.00011591332141160778,-2.9827587244097713,556287.6404494382,25152688481.869263,0.02742482894276111,-2.921940904822436,2973.0337078651687,628.1920326864152,0.0017629574037131973,-2.9886136779559944,10.909090909090908,32.69628099173554,-0.0049667165573971305,-2.9782534240669323,114959.65909090909,43551271355.56561,0.014625017943781883,-2.9697239369421875,26.704545454545453,622.094524793388,-0.001535749513488253,-2.9885541360792525
5248.988764044944,1222.2967473186925,-4.768413559096044e-05,-2.982595274785894,556042.6966292135,25198045997.19101,0.02742495038461177,-2.9219405695668397,2974.7191011235955,632.0224719101122,0.0002510867127918121,-2.9888846806660214,10.951704545454545,31.1787755036157,-0.006289268794011516,-2.978222593604624,115078.40909090909,43532643454.2872,0.01462450464349805,-2.9697256342214495,30.113636363636363,598.8507231404957,-0.0046958102718125325,-2.9868015385081317
5249.016853932584,1154.7752808988766,-6.432935941409666e-05,-2.982830714282473,555878.0898876404,25225913463.355473,0.02742468531263553,-2.9219415532791535,2972.4719101123596,625.6384065372832,0.0022712806441812644,-2.9884311659267926,10.767045454545455,20.398857179752053,-0.009060279173635595,-2.966425632146347,114715.90909090909,43625703212.809906,0.014625644946818513,-2.969721498397365,25.0,625.0000000000009,4.087616637181691e-20,-2.9887640449438204
5249.199438202248,1303.133778089887,-6.054535441106633e-05,-2.983487994313864,556259.5505617978,25253868061.15934,0.027424788692451865,-2.9219398730653823,2975.8426966292136,631.3840653728289,-0.0007536408612394588,-2.988839741895097,10.823863636363637,49.25022598140498,0.004724692618172298,-2.972025283350692,114916.47727272726,43691079245.54494,0.01462541789714025,-2.9697224080006537,23.863636363636363,623.70867768595,0.0010225073150411034,-2.9886709935561915
5249.044943820225,1314.8090366445354,-9.832549236466681e-05,-2.983541336796051,556121.3483146067,25302548914.070488,0.027424747402358587,-2.921940259737256,2975.2808988764045,632.022471910112,-0.00025108671279181307,-2.9888846806660214,10.866477272727273,50.90049554493804,0.0047288490628161406,-2.973395450960635,114978.97727272726,43612357768.27218,0.014624858031691166,-2.9697246574514233,21.59090909090909,613.378099173554,0.003093245849940156,-2.987912477823773
5249.0308988764045,1224.1034378192032,4.744148899573144e-05,-2.9827202414318608,555841.5730337079,25120591604.31563,0.02742453501462929,-2.9219443515989485,2979.775280898876,609.0398365679272,-0.004348265585760159,-2.9872075318190614,10.894886363636363,32.70414998708677,-0.005129746676567299,-2.9779931129578614,114769.31818181818,43373805081.35332,0.01462421068777472,-2.969726912130524,27.272727272727273,619.8347107438013,-0.002051395346461302,-2.9883895131086144
5249.016853932584,1316.9556786261494,-6.715828403581667e-05,-2.9834848023709664,555851.6853932585,25270381843.718086,0.027426110482836382,-2.921934764525472,2978.0898876404494,622.4463738508687,-0.0027831185474676266,-2.9882009199822606,10.894886363636363,51.41863862345041,0.005387265818934543,-2.9713222020108816,114956.25,43704491977.98293,0.014625210956742058,-2.9697233086578176,25.0,625.0000000000009,-4.087616637181691e-20,-2.9887640449438204
5248.988764044944,1314.4487359550562,-1.854099917508834e-05,-2.9834269387472774,556342.6966292135,25242904122.191006,0.02742461736452581,-2.9219423485967235,2976.4044943820227,630.107252298264,-0.0012573400700899874,-2.98874959116923,10.894886363636363,51.560684077995866,0.0055474325278907,-2.971522220767851,114992.04545454546,43607906754.90701,0.014624447835437579,-2.9697262476974626,22.727272727272727,619.8347107438018,0.002051395346461299,-2.9883895131086144
5248.974719101124,1229.6364274770178,-0.00012094796706933259,-2.9826843759957,556193.2584269663,25207761999.489265,0.027424244670704936,-2.921943476132006,2975.2808988764045,632.022471910112,-0.0002510867127918133,-2.9888846806660214,10.909090909090908,34.684917355371894,-0.00519566614138276,-2.9787018729777146,115062.5,43539451889.20454,0.014624634477103606,-2.969724730174379,19.318181818181817,592.7169421487602,0.005244494696734127,-2.986316124452278
5249.044943820225,1384.624377553626,5.568960213462704e-07,-2.98465682634566,550619.6629213484,23061022591.93054,0.029558563056343436,-2.911117376918614,2980.3370786516853,603.2941777323795,-0.00488291343339575,-2.9867682785496195,10.738636363636363,61.67032541322314,0.012319386928622644,-2.9559072070562413,103775.56818181818,40563979488.31352,0.016460545428382302,-2.964645113317279,26.704545454545453,622.094524793388,-0.001535749513488252,-2.9885541360792525
5249.1292134831465,1378.1393641470881,-7.933032010590742e-06,-2.984666797358821,550528.6516853933,22958810902.706833,0.02955853670056326,-2.9111179966294034,2974.7191011235955,632.0224719101121,0.00025108671279181226,-2.9888846806660214,10.710227272727273,62.066599948347175,0.012817054509361811,-2.955426887657554,103361.93181818182,40336551817.85898,0.01645948287280879,-2.9646494889553345,25.56818181818182,624.6771694214881,-0.0005108571831239525,-2.9887408181633424
5249.101123595506,1226.2069873595506,-0.00019460535240125158,-2.982757639144869,556253.3707865168,25269354874.87232,0.027425046525791103,-2.921941125509299,2974.1573033707864,631.3840653728289,0.0007536408612394592,-2.988839741895097,10.809659090909092,34.26987829287189,-0.005941044328667753,-2.9788806615918806,115013.06818181818,43797554971.268074,0.014625102899195651,-2.9697237559621326,30.68181818181818,592.7169421487597,-0.005244494696734126,-2.986316124452278
5249.171348314607,1328.513629979571,6.349970513801029e-05,-2.983463181076675,555971.9101123596,25238659258.810017,0.02742573173828453,-2.9219359902833686,2975.2808988764045,632.022471910112,-0.0002510867127918132,-2.9888846806660214,10.951704545454545,50.35491186725203,0.0050084996597401284,-2.970849351305987,114895.45454545454,43675556513.42975,0.01462606384645499,-2.9697197684019705,22.15909090909091,616.929235537191,0.002570275341975709,-2.9881760828791326
5248.988764044944,1318.035383682329,-3.9362389733900236e-05,-2.983547181716795,556708.988764045,25223889350.10215,0.027424693430264716,-2.9219424465786994,2970.7865168539324,614.1470888661903,0.0038207185885461826,-2.98759107937242,10.838068181818182,52.51142013171487,0.004856171993848649,-2.9725233561586912,109238.63636363637,42059759643.59504,0.015516209872539355,-2.967333682166557,24.43181818181818,624.6771694214881,0.0005108571831239522,-2.9887408181633424
5249.073033707865,1132.3696054647598,-5.442466267587099e-05,-2.9829937816024885,555843.8202247191,25169433285.240036,0.027425670019230537,-2.921934958473188,2975.8426966292136,631.3840653728289,-0.000753640861239459,-2.988839741895097,10.525568181818182,21.971647404442134,-0.008412868313336229,-2.9707741933334146,114997.15909090909,43568437633.9747,0.014625126741128504,-2.9697242092058467,19.886363636363637,598.8507231404957,0.004695810271812532,-2.9868015385081317
5249.157303370786,1160.787474463738,-5.8708643484258406e-05,-2.9827081108071223,555877.5280898877,25102094887.002037,0.027424809478125554,-2.9219415759148495,2973.0337078651687,628.1920326864151,0.0017629574037131977,-2.9886136779559944,10.909090909090908,18.91787190082645,-0.008826972890924264,-2.96670064148431,114739.20454545454,43359617468.68542,0.01462482268030178,-2.9697246262423995,27.84090909090909,616.9292355371908,-0.0025702753419757102,-2.9881760828791326
5249.0308988764045,1166.255426455567,-8.719548835988742e-05,-2.9828217026198836,556051.1235955056,25241059260.086823,0.027424419332600498,-2.9219422162993696,2979.775280898876,609.0398365679271,-0.0043482655857601605,-2.9872075318190614,10.965909090909092,18.491735537190088,-0.007109191351531589,-2.970556441435837,115114.77272727274,43685796259.039276,0.014624965406233092,-2.9697244246503653,23.863636363636363,623.7086776859502,0.0010225073150411028,-2.9886709935561915
5249.058988764045,1389.7827023748728,-9.962512055296439e-05,-2.98469374264393,556143.8202247191,25188279194.33095,0.02742508406304817,-2.9219398551761073,2970.224719101124,609.0398365679273,0.004348265585760165,-2.9872075318190614,10.795454545454545,62.0803202479339,0.013389415364607136,-2.9543367500620548,109222.15909090909,42048966980.5656,0.015515998406877887,-2.967334540849552,26.704545454545453,622.0945247933881,-0.0015357495134882496,-2.9885541360792525
5249.073033707865,1233.1508554647603,-0.000220393341485701,-2.982766099329109,556058.4269662921,25316123138.406548,0.027424503576969416,-2.921943291409379,2980.3370786516853,603.2941777323795,-0.0048829134333957525,-2.9867682785496195,10.9375,31.329900568181845,-0.005621770535642253,-2.978381020194601,115393.18181818182,43795699839.87602,0.014624351803168352,-2.9697258941897027,23.863636363636363,623.70867768595,0.0010225073150411032,-2.9886709935561915
5249.171348314607,1152.412777706844,-3.4967471193987393e-06,-2.982735160159421,556187.0786516854,25216281564.096027,0.027423563043527655,-2.921947396190402,2976.9662921348313,628.192032686415,-0.0017629574037131958,-2.9886136779559944,10.909090909090908,18.2786673553719,-0.008507264598935532,-2.9681963304742203,115104.54545454546,43568039979.33883,0.014624160376485373,-2.969727342385785,23.863636363636363,623.7086776859503,0.0010225073150411026,-2.9886709935561915
5249.1292134831465,1316.0655005107249,-0.00011382383049331924,-2.98346718030638,556262.3595505618,25223910697.77834,0.027425244115417923,-2.921940498221018,2974.1573033707864,631.3840653728289,0.000753640861239459,-2.988839741895097,10.866477272727273,52.42748418130168,0.004607298581310875,-2.9725190939397432,114961.36363636363,43687790041.322296,0.01462491500459241,-2.9697244139368566,27.84090909090909,616.929235537191,-0.0025702753419757085,-2.9881760828791326
5248.974719101124,1154.9205183861081,-0.00010953227816903397,-2.9828452706064734,556116.2921348314,25202360328.140957,0.027425145963759,-2.9219388312367056,2975.2808988764045,632.0224719101121,-0.00025108671279181247,-2.9888846806660214,10.823863636363637,20.095396435950423,-0.008778317439021703,-2.9661530924519113,114979.54545454546,43543188161.15701,0.01462536142831434,-2.969722487152778,25.0,625.0000000000009,4.087616637181691e-20,-2.9887640449438204
5249.002808988764,1162.6129181562815,-0.0002498521204985439,-2.9828534955485675,556273.595505618,25127432277.83452,0.027425606182844724,-2.9219379284856273,2973.5955056179773,630.107252298264,0.0012573400700899866,-2.98874959116923,10.9375,18.93643465909091,-0.006811414328125103,-2.971486034725164,114521.59090909091,43500192261.10538,0.014625315450758347,-2.9697235802110886,25.56818181818182,624.6771694214882,-0.0005108571831239516,-2.9887408181633424
5249.101123595506,1311.07914645046,-4.198089453752892e-05,-2.9834607104603257,556097.1910112359,25160015304.519924,0.02742410741707776,-2.92194490163995,2978.0898876404494,622.4463738508686,-0.002783118547467628,-2.9882009199822606,10.980113636363637,46.784405668904945,0.0051500790099227,-2.9728401254030428,114923.29545454546,43597102894.82178,0.014623950260491838,-2.9697280296005206,27.272727272727273,619.8347107438017,-0.0020513953464612986,-2.9883895131086144
5249.1292134831465,1398.842489147088,-4.933709437676585e-05,-2.9846314991899554,555980.3370786516,25255763216.930534,0.02742540496518995,-2.9219381473947306,2971.3483146067415,618.6159346271711,0.003299307483150208,-2.9879214883715597,10.866477272727273,63.471518272210794,0.014029407243751865,-2.952455452107676,109243.75,42183770102.98295,0.015516473501421213,-2.9673323069913264,27.272727272727273,619.8347107438015,-0.002051395346461303,-2.9883895131086144
5249.101123595506,1158.8419305413693,-7.62652141522563e-05,-2.9827587351138654,556378.6516853933,25300173629.97957,0.0274247067642212,-2.921942233448093,2983.7078651685392,555.4136874361602,-0.008303159790480746,-2.9827544124667877,10.894886363636363,18.606138623450416,-0.00851966734768929,-2.966612393583165,115122.72727272726,43837693517.56198,0.014624716708566222,-2.9697251071464437,22.15909090909091,616.9292355371905,0.002570275341975713,-2.9881760828791326
5249.087078651685,1225.6663368232894,-0.00017109396126152333,-2.9825408142813106,556032.0224719101,25155656093.5904,0.027424717183667333,-2.9219412191569707,2973.0337078651687,628.1920326864152,0.0017629574037131973,-2.9886136779559944,10.980113636363637,31.834121577995845,-0.006160109719995955,-2.9773487201396276,114844.88636363637,43420592843.16892,0.014624340357021615,-2.9697257159319514,23.295454545454547,622.0945247933879,0.0015357495134882525,-2.9885541360792525
5248.988764044944,1388.8805541368743,-2.2024282103897643e-05,-2.984645895418712,556306.7415730337,25297151715.398357,0.027424777990952484,-2.921943626077791,2976.9662921348313,628.1920326864152,-0.0017629574037131986,-2.9886136779559944,10.78125,59.20854048295451,0.012038355169480857,-2.957350016775641,109305.68181818182,42216036729.08058,0.015515876239499227,-2.9673353874898414,27.84090909090909,616.9292355371908,-0.0025702753419757094,-2.9881760828791326
5248.974719101124,1419.409154749745,4.149041697060797e-05,-2.9851307154292077,556090.4494382022,25204613458.886612,0.027424743903132265,-2.921941310337137,2979.2134831460676,614.1470888661904,-0.003820718588546182,-2.98759107937242,10.795454545454545,64.63713842975208,0.014103500725557293,-2.9516602002080035,109219.31818181818,42095785081.35332,0.01551638645568953,-2.9673320904555625,27.272727272727273,619.8347107438017,-0.0020513953464612994,-2.9883895131086144
5249.185393258427,1236.6158069458631,-6.939546401968727e-05,-2.982644231637344,556174.1573033708,25240242676.838615,0.02742601397366317,-2.9219339929660113,2978.6516853932585,618.6159346271711,-0.003299307483150207,-2.9879214883715597,10.852272727272727,35.31766528925618,-0.006321509811009374,-2.977326847762383,115041.47727272726,43649174103.49948,0.014625790051725414,-2.9697205629604433,25.0,625.0000000000009,4.087616637181691e-20,-2.9887640449438204
5248.960674157303,1229.0211631767115,-5.0097029722229294e-05,-2.982507919850651,555970.2247191011,25285457484.039845,0.027424140778989605,-2.9219438715573958,2970.224719101124,609.0398365679272,0.004348265585760161,-2.9872075318190614,10.994318181818182,30.8295131714876,-0.005483166909599662,-2.9782593590296855,114798.86363636363,43693448919.16324,0.014624685306469648,-2.969725045485878,25.56818181818182,624.6771694214883,-0.0005108571831239522,-2.9887408181633424
5248.974719101124,1320.5455183861086,-0.00011887891024271415,-2.983326203291721,556278.0898876404,25260720395.17364,0.027425764778526134,-2.9219382300508023,2973.0337078651687,628.1920326864154,0.001762957403713198,-2.9886136779559944,11.022727272727273,48.35033574380167,0.0050512137167867364,-2.9711230412744447,115066.47727272726,43741411688.72676,0.014624757389241563,-2.9697251596069068,29.545454545454547,604.3388429752064,-0.004155057649627191,-2.9872275040814364
5249.087078651685,1130.0697459141982,-6.812776355197443e-05,-2.982943002148766,556404.4943820224,25174871456.84373,0.027424857219850034,-2.921942138901653,2975.8426966292136,631.3840653728289,-0.0007536408612394588,-2.988839741895097,10.568181818181818,21.51665805785123,-0.007962368680771825,-2.971552430914779,114867.04545454546,43499470391.27066,0.014624694029225317,-2.969725268091006,26.136363636363637,623.7086776859501,-0.001022507315041103,-2.9886709935561915
5249.073033707865,1386.9860827374875,-0.0001281763666336595,-2.984628802711852,556053.3707865168,25214662658.96322,0.027424055137184093,-2.921943984506366,2975.8426966292136,631.3840653728289,-0.0007536408612394586,-2.988839741895097,10.752840909090908,61.56036124741736,0.012368268865358408,-2.9553336921612576,109321.59090909091,41978444079.287186,0.015515738185375301,-2.9673341873639973,23.863636363636363,623.7086776859499,0.0010225073150411039,-2.9886709935561915
5249.073033707865,1231.8724463738508,-0.00015715353043359133,-2.9826628615690103,556155.6179775281,25183189115.806957,0.027425541136297464,-2.9219391351217854,2980.3370786516853,603.2941777323795,-0.00488291343339575,-2.9867682785496195,10.965909090909092,31.986053719008275,-0.005677756824557405,-2.977339257992719,114728.97727272726,43533950154.635826,0.014624766963988036,-2.96972533841908,23.863636363636363,623.70867768595,0.0010225073150411036,-2.9886709935561915
5248.946629213483,1153.1214089632279,-4.637611533589149e-05,-2.9830153279210525,556258.988764045,25162638213.738525,0.027425161126763874,-2.9219397921460075,2977.5280898876404,625.6384065372832,-0.0022712806441812657,-2.9884311659267926,10.681818181818182,21.339101239669425,-0.007424810640291645,-2.9698885446316123,114796.02272727274,43616371376.22675,0.014624332721654284,-2.9697261048189443,25.56818181818182,624.6771694214882,-0.0005108571831239521,-2.9887408181633424
5249.002808988764,1410.1271227017364,-1.4924977015085107e-05,-2.985160688970238,556303.3707865168,25260681352.145042,0.027424240503595577,-2.9219456863193027,2973.0337078651687,628.1920326864151,0.0017629574037131977,-2.9886136779559944,10.653409090909092,66.01481792355371,0.012831829917930276,-2.9541773453321567,109073.29545454546,42121149031.18543,0.01551554874088821,-2.967336836873649,23.863636363636363,623.70867768595,0.0010225073150411034,-2.9886709935561915
5248.932584269663,1231.589153472932,-0.00011904390107932577,-2.982748663046106,556202.8089887641,25243692804.51991,0.02742474480591669,-2.9219406902557346,2972.4719101123596,625.6384065372835,0.002271280644181265,-2.9884311659267926,10.880681818181818,31.93036544421487,-0.006288406935730526,-2.9785445029067668,115131.25,43723949733.664764,0.014625316349207053,-2.9697227582888766,23.295454545454547,622.094524793388,0.0015357495134882533,-2.9885541360792525
5249.311797752809,1158.2745467313573,-7.731872525663237e-05,-2.982878699484797,556230.8988764045,25251321733.273743,0.027425593457954388,-2.9219389682737402,2971.3483146067415,618.6159346271711,0.0032993074831502087,-2.9879214883715597,10.880681818181818,19.501388171487616,-0.007900209881621443,-2.9694643586759994,114714.20454545454,43681977042.54907,0.014625401577066106,-2.9697232634847137,23.295454545454547,622.094524793388,0.001535749513488252,-2.9885541360792525
5249.185393258427,1226.0689319458627,-0.0001362881431502666,-2.982656350217919,556238.202247191,25223781080.822266,0.027425116321666825,-2.9219412853854676,2974.7191011235955,632.0224719101122,0.0002510867127918125,-2.9888846806660214,10.9375,32.35973011363639,-0.005386034011682113,-2.979134492695491,114969.31818181818,43664397922.26243,0.014624779391389167,-2.96972487057965,25.0,625.0000000000009,4.087616637181691e-20,-2.9887640449438204
5248.876404494382,1416.620914198161,5.111486446165842e-05,-2.985072708034114,556253.9325842697,25265817569.58632,0.027424783668178628,-2.9219426827535915,2979.2134831460676,614.1470888661904,-0.003820718588546182,-2.98759107937242,10.852272727272727,61.95118801652894,0.013891013804519247,-2.952330230620618,109467.61363636363,42117286024.98706,0.015515693877950779,-2.9673355183282006,26.136363636363637,623.7086776859501,-0.001022507315041103,-2.9886709935561915
5249.044943820225,1155.2209684627173,-7.513109418891315e-05,-2.98276587426507,556318.5393258428,25177225760.342194,0.027424739626173283,-2.9219428460803223,2977.5280898876404,625.6384065372832,-0.002271280644181263,-2.9884311659267926,10.880681818181818,19.465876807851238,-0.008014095457931846,-2.969137722030098,114681.81818181818,43548608930.785126,0.014624583864425783,-2.9697257677052105,23.863636363636363,623.7086776859501,0.001022507315041103,-2.9886709935561915
5248.988764044944,1233.8379405005107,1.871437547320194e-05,-2.9827503013965657,556152.2471910112,25130992040.34729,0.027424820113012442,-2.921941754056854,2977.5280898876404,625.6384065372833,-0.002271280644181262,-2.9884311659267926,10.866477272727273,34.494245544938025,-0.0058497740929291985,-2.9779649311841405,114553.40909090909,43505925670.196266,0.01462428497110636,-2.9697263906319393,26.136363636363637,623.7086776859499,-0.0010225073150411039,-2.9886709935561915
5249.213483146067,1136.8033388661902,-3.220644992024209e-05,-2.982902325778402,556335.3932584269,25141652511.491314,0.02742535333760537,-2.9219406116301663,2972.4719101123596,625.6384065372832,0.002271280644181265,-2.9884311659267926,10.610795454545455,22.01684368543388,-0.008538018128552349,-2.96781521274951,114451.13636363637,43385807044.16323,0.01462468228338472,-2.969725709206979,26.704545454545453,622.094524793388,-0.001535749513488252,-2.9885541360792525
5249.073033707865,1236.0627872829416,3.15515213576931e-05,-2.982649179010325,556180.3370786516,25210452137.385098,0.027424589392868112,-2.9219414108773876,2973.0337078651687,628.1920326864154,0.001762957403713196,-2.9886136779559944,11.022727272727273,31.26936983471073,-0.005104172248681239,-2.9787100773530506,114925.0,43625318352.272736,0.014624745273699334,-2.969724709863453,21.59090909090909,613.3780991735539,0.0030932458499401587,-2.987912477823773
5249.0308988764045,1372.1858241828397,-0.00011071587560356592,-2.984733549599838,550456.7415730337,23017134556.30746,0.02955948001169341,-2.911113979822545,2975.8426966292136,631.3840653728288,-0.0007536408612394595,-2.988839741895097,10.610795454545455,61.32792323088844,0.0122860489405607,-2.9571732789917413,103633.52272727274,40497702313.726776,0.01645991990603999,-2.964647898034781,23.863636363636363,623.70867768595,0.0010225073150411034,-2.9886709935561915
5249.157303370786,1325.7022471910102,3.887307318333787e-05,-2.983463165631687,556231.4606741572,25249446839.88764,0.027424732021725823,-2.921941144700314,2978.6516853932585,618.6159346271711,-0.0032993074831502087,-2.9879214883715597,10.994318181818182,48.26559271694215,0.005301735474412898,-2.972007240284925,109273.29545454546,42047419599.367256,0.015516359901341438,-2.967332926930289,23.863636363636363,623.70867768595,0.0010225073150411034,-2.9886709935561915
5248.932584269663,1391.1772216547492,-6.471232404794698e-05,-2.9846694315112505,550380.8988764045,23008811846.910114,0.02955928342982189,-2.9111128809363622,2976.9662921348313,628.1920326864155,-0.0017629574037131969,-2.9886136779559944,10.767045454545455,59.85198217975207,0.011537291951477601,-2.95867695692917,103816.47727272726,40413432143.27222,0.016459977080507174,-2.96464663222233,23.295454545454547,622.0945247933881,0.001535749513488251,-2.9885541360792525
5248.904494382023,1412.3870818437185,6.472348606057538e-05,-2.9851717952961283,556102.2471910112,25294215847.165474,0.027424573803537806,-2.921942267137292,2976.9662921348313,628.1920326864151,-0.0017629574037131993,-2.9886136779559944,10.767045454545455,65.88891399793387,0.01409179776214173,-2.951947875028037,109563.63636363637,42213714302.68594,0.015515954213357247,-2.9673343545826483,28.40909090909091,613.3780991735541,-0.003093245849940157,-2.987912477823773
5249.002808988764,1327.3856454290094,-6.0949429245111395e-05,-2.983522646483847,556033.1460674157,25136877553.62616,0.02742540522978798,-2.921937502406222,2975.8426966292136,631.3840653728289,-0.000753640861239459,-2.988839741895097,10.866477272727273,51.894813726756226,0.004259754970678369,-2.9732233605949125,114696.02272727274,43479917512.590416,0.014625024763558736,-2.96972356841713,24.43181818181818,624.6771694214881,0.0005108571831239525,-2.9887408181633424
5249.1292134831465,1227.2515800561787,-0.00015647916663812808,-2.982631424714076,555959.5505617978,25176696242.977528,0.02742530145588692,-2.9219394167423363,2978.0898876404494,622.4463738508684,-0.002783118547467628,-2.9882009199822606,10.951704545454545,32.4571845945248,-0.0054310873403740625,-2.9779767062100935,114734.65909090909,43539755077.156494,0.014624460208236567,-2.9697265132549746,22.727272727272727,619.8347107438015,0.0020513953464613016,-2.9883895131086144
5249.143258426966,1156.2711472165472,-7.114799828009771e-05,-2.9828497363140265,556087.6404494382,25344425925.051075,0.02742463202621266,-2.921943821209655,2974.1573033707864,631.3840653728289,0.0007536408612394593,-2.988839741895097,10.852272727272727,19.017949380165287,-0.007898275503611019,-2.9696025485067263,115155.68181818182,43899605024.53516,0.01462430008931726,-2.9697268705444033,27.272727272727273,619.8347107438018,-0.0020513953464612977,-2.9883895131086144
5249.016853932584,1382.687212717059,-7.70113796038456e-05,-2.984709350493194,556103.9325842697,25146724899.131763,0.027424697987439205,-2.921942179401518,2978.0898876404494,622.4463738508687,-0.0027831185474676253,-2.9882009199822606,10.653409090909092,63.17390883264463,0.013316144764902388,-2.95389190444441,109046.59090909091,41831451067.92356,0.015515756107755707,-2.967334564619078,23.863636363636363,623.7086776859501,0.001022507315041103,-2.9886709935561915
5248.918539325843,1411.867578524005,0.00014215914289541687,-2.9850563275633673,555682.0224719101,25205220468.59041,0.027424490289394976,-2.9219440993385795,2973.5955056179773,630.1072522982643,0.001257340070089983,-2.98874959116923,10.710227272727273,64.48137267561988,0.013376387939910472,-2.9519103972747995,109199.43181818182,41957246959.90444,0.015515509869360835,-2.967335592629603,27.84090909090909,616.9292355371906,-0.0025702753419757124,-2.9881760828791326
5249.002808988764,1309.1328045199182,-0.00012348065341730621,-2.983497770449859,556324.1573033708,25183552051.838615,0.027425128438576547,-2.921940274110733,2973.0337078651687,628.1920326864151,0.001762957403713195,-2.9886136779559944,10.866477272727273,49.7641319085744,0.005109892318948404,-2.972550081518995,114782.95454545454,43611051925.36155,0.01462510162143611,-2.9697237770501568,25.56818181818182,624.6771694214883,-0.0005108571831239523,-2.9887408181633424
5249.2275280898875,1316.5662506384056,-0.00010954602442148924,-2.983361571839979,556422.4719101123,25256511534.72932,0.02742466333312791,-2.9219423903859054,2966.2921348314608,555.4136874361604,0.008303159790480744,-2.9827544124667877,10.923295454545455,52.39681527634294,0.005464151223693311,-2.9703728191485776,114940.34090909091,43660289991.92924,0.014624965522501147,-2.9697234145006517,21.59090909090909,613.378099173554,0.0030932458499401587,-2.987912477823773
5249.058988764045,1232.041225102145,-0.00019699861692214516,-2.982653706879283,556146.6292134832,25320909704.41777,0.02742449959625872,-2.92194319239535,2969.6629213483147,603.2941777323795,0.004882913433395757,-2.9867682785496195,10.880681818181818,33.52837680785123,-0.006304382761118945,-2.9773289156279907,115281.81818181818,43684774442.14875,0.01462433431210858,-2.9697260515762127,21.59090909090909,613.3780991735539,0.0030932458499401596,-2.987912477823773
5249.073033707865,1325.6579577374869,3.448320380058375e-05,-2.9834814509594016,556189.3258426966,25213768094.994896,0.027425094151896028,-2.9219398702127415,2973.5955056179773,630.107252298264,0.0012573400700899868,-2.98874959116923,10.980113636363637,49.34122385072313,0.005184751146207482,-2.9720916683080767,109215.90909090909,41967274178.71902,0.015516341056740594,-2.9673324443756846,23.295454545454547,622.0945247933881,0.0015357495134882505,-2.9885541360792525
5248.932584269663,1418.2723921092947,0.0001029612241159974,-2.985115794960578,556094.9438202247,25174805968.46272,0.02742607374531416,-2.921933793844733,2972.4719101123596,625.6384065372835,0.002271280644181262,-2.9884311659267926,10.909090909090908,60.60821280991733,0.014640283978467488,-2.9520906908503797,109148.29545454546,41973903036.86724,0.015516579993736018,-2.9673317325230615,22.727272727272727,619.8347107438015,0.0020513953464613016,-2.9883895131086144
5249.073033707865,1317.170741828396,-3.210993426243206e-05,-2.9834371737796106,556028.6516853933,25166530675.434116,0.027425402972159927,-2.92193913966437,2974.1573033707864,631.3840653728289,0.0007536408612394588,-2.988839741895097,10.980113636363637,47.9917920325413,0.004854979972902679,-2.9724350030093527,109255.11363636363,41960633638.62347,0.0155160225301792,-2.9673340549724396,23.863636363636363,623.70867768595,0.0010225073150411034,-2.9886709935561915
5249.241573033708,1233.5801838610826,-2.5138944384024014e-05,-2.9825404578955026,556223.0337078652,25255353582.737484,0.027425416531345496,-2.921938530189197,2976.4044943820227,630.107252298264,-0.001257340070089988,-2.98874959116923,10.9375,33.780184659090935,-0.006543635668669007,-2.9762493607854243,114778.40909090909,43645452261.10536,0.014625223446997961,-2.9697235262960335,26.136363636363637,623.70867768595,-0.0010225073150411036,-2.9886709935561915
5248.988764044944,1235.7555541368745,-8.914877466239953e-05,-2.9826913838621576,556199.4382022471,25248224175.817158,0.027425301015697342,-2.9219397632636896,2973.0337078651687,628.1920326864148,0.0017629574037131984,-2.9886136779559944,10.9375,32.430752840909115,-0.006036736225627741,-2.9777037077703006,114860.79545454546,43721708434.59449,0.014624769938003844,-2.969725148985346,26.136363636363637,623.7086776859496,-0.0010225073150411043,-2.9886709935561915
5249.269662921349,1149.140944203269,1.3334033555826223e-05,-2.982988045037274,556343.8202247191,25266933342.058216,0.02742506998836873,-2.921938938861253,2978.6516853932585,618.6159346271711,-0.003299307483150208,-2.9879214883715597,10.625,21.875000000000014,-0.00829950868882063,-2.969086466302558,115111.93181818182,43636393295.1317,0.014624450417052967,-2.9697260422335066,21.022727272727273,609.1813016528934,0.0036211963916998944,-2.987596982309474
5249.171348314607,1173.6485731613893,-2.4858622402540458e-05,-2.9828728708719177,556248.8764044944,25161288180.541367,0.02742444214494985,-2.921944320501435,2976.9662921348313,628.1920326864149,-0.001762957403713198,-2.9886136779559944,10.994318181818182,18.89769498966941,-0.007231224690407348,-2.969275279613149,114680.68181818182,43514752126.807846,0.014624385484643676,-2.9697265342595833,29.545454545454547,604.3388429752066,-0.004155057649627188,-2.9872275040814364
5249.269662921349,1156.0656601123599,-7.12942134236949e-05,-2.9825750739842243,556038.7640449438,25262340610.95506,0.027425829721335084,-2.9219354422445094,2974.7191011235955,632.0224719101122,0.0002510867127918122,-2.9888846806660214,10.951704545454545,18.075082321797517,-0.01095898049197485,-2.962667468220882,115150.0,43748896477.27272,0.014625548655893446,-2.969721759153252,28.977272727272727,609.1813016528932,-0.0036211963916998957,-2.987596982309474
5249.016853932584,1317.0267013534226,-0.00011014828309449005,-2.9834767288633812,556284.2696629213,25144580431.562824,0.027425010585355864,-2.9219399163812088,2976.4044943820227,630.1072522982638,-0.0012573400700899885,-2.98874959116923,10.823863636363637,52.90789643595043,0.005200207254786034,-2.9719136180052326,109060.22727272726,42001038986.31199,0.015516006546786648,-2.967333796220461,26.704545454545453,622.0945247933881,-0.0015357495134882518,-2.9885541360792525
5248.988764044944,1233.0922018641472,2.8649128340719108e-05,-2.9826883009150498,556055.0561797753,25137715457.099087,0.02742447833822569,-2.9219449169832683,2978.0898876404494,622.4463738508686,-0.0027831185474676266,-2.9882009199822606,10.980113636363637,31.585542032541294,-0.005697827311018358,-2.9785296669323005,114624.43181818182,43468547954.22261,0.014624108367711266,-2.969727423683106,23.863636363636363,623.7086776859499,0.0010225073150411036,-2.9886709935561915
5249.0308988764045,1304.7142332737485,-7.04260072733395e-05,-2.9835060151380866,556412.3595505618,25106644561.41471,0.02742481128286834,-2.921941567194333,2975.2808988764045,632.022471910112,-0.00025108671279181345,-2.9888846806660214,10.838068181818182,52.795511040805785,0.0057127102687012064,-2.970664589196443,109074.43181818182,41800840851.9499,0.015516143165430402,-2.967333151147437,23.863636363636363,623.70867768595,0.0010225073150411036,-2.9886709935561915
5249.185393258427,1140.8416592185902,-9.060854074374652e-05,-2.9829993059202815,555939.8876404495,25229347567.032684,0.027425269804002964,-2.9219376873024143,2976.9662921348313,628.1920326864151,-0.0017629574037131962,-2.9886136779559944,10.582386363636363,21.873184077995845,-0.008009857442495067,-2.971083296792346,114978.97727272726,43569914302.363106,0.014624787047878458,-2.9697248148843465,25.56818181818182,624.6771694214883,-0.0005108571831239523,-2.9887408181633424
5248.75,1399.1832386363637,8.702446615822267e-05,-2.985163264126997,556155.6179775281,25292986615.80694,0.027425160999281006,-2.9219406063206774,2973.5955056179773,630.107252298264,0.0012573400700899874,-2.98874959116923,10.696022727272727,66.29467168130165,0.014439635079507287,-2.9510300499592943,109367.61363636363,42295978922.71438,0.015515653287908082,-2.967335695902824,26.704545454545453,622.0945247933882,-0.0015357495134882518,-2.9885541360792525
5249.1292134831465,1397.2799891470881,-0.00014414646333976098,-2.9847002722555365,550333.7078651686,22997047941.777325,0.029558123155313514,-2.9111195447777747,2971.9101123595506,622.4463738508686,0.0027831185474676266,-2.9882009199822606,10.752840909090908,60.92115670196283,0.010945528056530186,-2.960255505293626,103802.27272727274,40378078119.834724,0.016459501032219867,-2.964648552888883,25.0,625.0000000000009,-4.087616637181691e-20,-2.9887640449438204
5249.101123595506,1227.9470441777328,-0.00011128538919172141,-2.982701050322275,556016.8539325843,25157456758.171604,0.027424349262674737,-2.9219426449680177,2974.7191011235955,632.0224719101121,0.0002510867127918121,-2.9888846806660214,10.823863636363637,34.12238507231405,-0.005794007835764405,-2.9785778269184098,115007.38636363637,43497005371.578,0.014624724969640018,-2.9697245526921616,26.704545454545453,622.0945247933881,-0.001535749513488251,-2.9885541360792525
5249.143258426966,1135.3549540347292,-2.289132240905314e-05,-2.9829828444413815,556162.3595505618,25210695640.96016,0.02742528689278278,-2.921940952061678,2976.9662921348313,628.1920326864154,-0.0017629574037131975,-2.9886136779559944,10.553977272727273,22.50916031766529,-0.008514368920880982,-2.9711552540902155,114853.40909090909,43625025499.74174,0.014624366849136844,-2.9697266588463287,22.727272727272727,619.8347107438018,0.0020513953464613,-2.9883895131086144
